id,age_from,age_to,country_id,gender,percentage,year
1,0,14,199,//N,0.6989126,1966
2,0,14,199,//N,1.000097,1967
3,0,14,199,//N,1.279536,1968
4,0,14,199,//N,1.497368,1969
5,0,14,199,//N,1.3932,1970
6,0,14,199,//N,1.325477,1977
7,0,14,199,//N,1.368024,1978
8,0,14,199,//N,1.000305,1979
9,0,14,199,//N,0.9622976999999999,1980
10,0,14,199,//N,0.9995618000000001,1981
11,0,14,199,//N,1.2751780000000001,1982
12,0,14,199,//N,1.09007,1983
13,0,14,199,//N,0.8258849,1984
14,0,14,199,//N,0.9637021000000001,1985
15,0,14,199,//N,1.139401,1986
16,0,14,199,//N,1.092625,1987
17,0,14,199,//N,1.028817,1988
18,0,14,199,//N,1.1994559999999999,1989
19,0,14,199,//N,1.11217,1990
20,0,14,199,//N,0.8086826,1991
21,0,14,199,//N,1.053665,1992
22,0,14,199,//N,0.9780689,1993
23,0,14,199,//N,1.0430780000000002,1994
24,0,14,199,//N,1.078711,1995
25,0,14,199,//N,1.228394,1996
26,0,14,199,//N,1.157686,1997
27,0,14,199,//N,0.8209371999999999,1998
28,0,14,199,//N,0.9039348,1999
29,0,14,199,//N,0.8589863000000001,2000
30,0,14,199,//N,0.87539,2001
31,0,14,199,//N,1.109397,2002
32,0,14,199,//N,0.8869334000000001,2003
33,0,14,199,//N,0.8198234000000001,2004
34,0,14,199,//N,0.7535441999999999,2005
35,0,14,199,//N,0.8087536,2006
36,0,14,199,//N,0.6364267,2007
37,0,14,91,//N,0.8792219000000001,1950
38,0,14,91,//N,0.5957051999999999,1951
39,0,14,91,//N,1.066768,1952
40,0,14,91,//N,0.6639566,1953
41,0,14,91,//N,0.7350766,1954
42,0,14,91,//N,0.7663781999999999,1955
43,0,14,91,//N,0.7296229999999999,1956
44,0,14,91,//N,0.7143451,1957
45,0,14,91,//N,0.9431635,1958
46,0,14,91,//N,0.5762098000000001,1959
47,0,14,91,//N,0.6117326999999999,1960
48,0,14,91,//N,0.5943555,1961
49,0,14,91,//N,0.7041046999999999,1962
50,0,14,91,//N,0.8568434000000001,1963
51,0,14,91,//N,1.250704,1964
52,0,14,91,//N,0.9602641,1965
53,0,14,91,//N,0.5364618,1966
54,0,14,91,//N,0.663848,1967
55,0,14,91,//N,0.7076589,1968
56,0,14,91,//N,0.7983836999999999,1969
57,0,14,91,//N,1.034001,1970
58,0,14,91,//N,0.9273332000000001,1971
59,0,14,91,//N,0.8848116,1972
60,0,14,91,//N,0.9115628,1973
61,0,14,91,//N,0.9238259,1974
62,0,14,91,//N,0.8032548,1975
63,0,14,91,//N,0.507338,1976
64,0,14,91,//N,1.2592700000000001,1977
65,0,14,91,//N,0.7817219,1978
66,0,14,91,//N,0.7518451,1979
67,0,14,91,//N,0.9027448,1980
68,0,14,91,//N,0.7740408000000001,1981
69,0,14,91,//N,1.05053,1982
70,0,14,91,//N,0.7281465,1983
71,0,14,91,//N,0.8788669,1984
72,0,14,91,//N,0.8426389999999999,1985
73,0,14,91,//N,0.7995251999999999,1986
74,0,14,91,//N,0.7756798,1987
75,0,14,91,//N,0.9575931999999999,1988
76,0,14,91,//N,0.7881044,1989
77,0,14,91,//N,0.9396896,1990
78,0,14,91,//N,0.7167180000000001,1991
79,0,14,91,//N,0.4731794,1992
80,0,14,91,//N,1.030727,1993
81,0,14,91,//N,0.8915139000000001,1994
82,0,14,91,//N,0.7799752,1995
83,0,14,91,//N,0.7070945,1996
84,0,14,91,//N,0.6508186,1997
85,0,14,91,//N,0.7267701999999999,1998
86,0,14,91,//N,0.6999719,1999
87,0,14,91,//N,0.672654,2000
88,0,14,91,//N,0.7559054000000001,2001
89,0,14,91,//N,0.4179451,2002
90,0,14,91,//N,0.714932,2003
91,0,14,91,//N,0.2086097,2004
92,0,14,91,//N,0.25912670000000004,2006
93,0,14,198,//N,1.7029830000000001,1955
94,0,14,198,//N,2.235606,1956
95,0,14,198,//N,1.1540030000000001,1957
96,0,14,198,//N,1.19555,1958
97,0,14,198,//N,0.8916439,1959
98,0,14,198,//N,1.600024,1960
99,0,14,198,//N,1.202795,1961
100,0,14,198,//N,0.831541,1962
101,0,14,198,//N,0.4750907999999999,1963
102,0,14,198,//N,1.020633,1964
103,0,14,198,//N,1.1359860000000002,1965
104,0,14,198,//N,1.404847,1966
105,0,14,198,//N,1.1238920000000001,1967
106,0,14,198,//N,0.8920983,1968
107,0,14,198,//N,1.412554,1969
108,0,14,198,//N,1.394908,1970
109,0,14,198,//N,0.8262202,1971
110,0,14,198,//N,0.9343286,1972
111,0,14,198,//N,1.0625930000000001,1973
112,0,14,198,//N,0.9320815999999998,1974
113,0,14,198,//N,1.241976,1975
114,0,14,198,//N,0.6891555,1976
115,0,14,198,//N,0.8058081,1977
116,0,14,198,//N,0.8532164000000001,1978
117,0,14,198,//N,1.006775,1979
118,0,14,198,//N,1.000665,1980
119,0,14,198,//N,0.6060934,1981
120,0,14,198,//N,0.7539384,1982
121,0,14,198,//N,1.284721,1983
122,0,14,198,//N,1.311161,1984
123,0,14,198,//N,1.000865,1985
124,0,14,198,//N,1.154675,1986
125,0,14,198,//N,1.4020290000000002,1987
126,0,14,198,//N,0.6248991,1988
127,0,14,198,//N,1.135446,1989
128,0,14,198,//N,1.509747,1990
129,0,14,198,//N,1.030385,1991
130,0,14,198,//N,0.582727,1992
131,0,14,198,//N,0.9999794,1993
132,0,14,198,//N,0.5070162,1994
133,0,14,198,//N,0.9432858000000001,1995
134,0,14,198,//N,1.251737,1996
135,0,14,198,//N,0.8875504000000001,1997
136,0,14,198,//N,1.05246,1998
137,0,14,198,//N,0.6126469,1999
138,0,14,198,//N,0.8898326999999999,2000
139,0,14,198,//N,0.9092929,2001
140,0,14,198,//N,0.5082626,2002
141,0,14,198,//N,0.5800611,2003
142,0,14,198,//N,0.5489775,2004
143,0,14,198,//N,0.9716038,2005
144,0,14,198,//N,0.8130765,2006
145,0,14,198,//N,0.5890694000000001,2007
146,0,14,198,//N,0.2530558,2008
147,0,14,187,//N,0.31820440000000005,1981
148,0,14,187,//N,0.38262199999999996,1982
149,0,14,187,//N,0.19307960000000002,1985
150,0,14,187,//N,0.2737733,1986
151,0,14,187,//N,0.8014131,1987
152,0,14,187,//N,0.38414990000000004,1988
153,0,14,187,//N,0.175767,1989
154,0,14,187,//N,0.5178916,1990
155,0,14,187,//N,0.3393275,1991
156,0,14,187,//N,3.347004,1992
157,0,14,187,//N,2.311191,1993
158,0,14,187,//N,2.128029,1994
159,0,14,187,//N,0.9002136000000001,1995
160,0,14,187,//N,0.4039491,1996
161,0,14,187,//N,0.565286,1997
162,0,14,187,//N,0.49145839999999996,1998
163,0,14,187,//N,0.49224359999999995,1999
164,0,14,187,//N,0.1232269,2000
165,0,14,169,//N,0.0,1985
166,0,14,169,//N,0.0,1987
167,0,14,169,//N,0.0,1988
168,0,14,169,//N,0.0,1997
169,0,14,169,//N,0.0,1998
170,0,14,169,//N,0.0,1999
171,0,14,169,//N,0.0,2000
172,0,14,169,//N,0.5318368,2001
173,0,14,53,//N,0.4528798,1981
174,0,14,53,//N,0.498471,1982
175,0,14,53,//N,0.7380253999999999,1985
176,0,14,53,//N,0.5539,1986
177,0,14,53,//N,0.9091075999999999,1987
178,0,14,53,//N,0.7677046999999999,1988
179,0,14,53,//N,0.7385566,1989
180,0,14,53,//N,0.2654787,1990
181,0,14,53,//N,0.7660795,1991
182,0,14,53,//N,0.6550414999999999,1992
183,0,14,53,//N,1.1199219999999999,1993
184,0,14,53,//N,1.263235,1994
185,0,14,53,//N,1.126372,1995
186,0,14,53,//N,1.818603,1997
187,0,14,53,//N,0.9193695,1998
188,0,14,53,//N,0.8257028000000001,1999
189,0,14,53,//N,1.0984909999999999,2000
190,0,14,53,//N,0.8747826999999999,2001
191,0,14,53,//N,1.003368,2002
192,0,14,53,//N,0.5057510999999999,2003
193,0,14,53,//N,0.5799406,2007
194,0,14,12,//N,0.36757209999999996,1954
195,0,14,12,//N,0.665407,1955
196,0,14,12,//N,0.2389308,1956
197,0,14,12,//N,0.3945087,1957
198,0,14,12,//N,0.3371395,1958
199,0,14,12,//N,0.45836350000000003,1959
200,0,14,12,//N,0.2713472,1960
201,0,14,12,//N,0.45591629999999994,1961
202,0,14,12,//N,0.4963657,1962
203,0,14,12,//N,0.49007029999999996,1963
204,0,14,12,//N,0.3960236,1964
205,0,14,12,//N,0.4880923,1965
206,0,14,12,//N,0.6214088000000001,1966
207,0,14,12,//N,0.2281403,1967
208,0,14,12,//N,0.49850370000000005,1968
209,0,14,12,//N,0.39349209999999996,1969
210,0,14,12,//N,0.374279,1970
211,0,14,12,//N,0.5936575,1971
212,0,14,12,//N,0.3559723,1972
213,0,14,12,//N,0.2511962,1973
214,0,14,12,//N,0.59223,1974
215,0,14,12,//N,0.46929440000000006,1975
216,0,14,12,//N,0.33261929999999995,1976
217,0,14,12,//N,0.2397931,1977
218,0,14,12,//N,0.2031395,1978
219,0,14,12,//N,1.013192,1979
220,0,14,12,//N,0.8873863000000001,1980
221,0,14,12,//N,0.2675895,1981
222,0,14,12,//N,0.712579,1982
223,0,14,12,//N,0.7863048,1983
224,0,14,12,//N,1.146998,1984
225,0,14,12,//N,0.7116001999999999,1985
226,0,14,12,//N,1.186865,1986
227,0,14,12,//N,1.025401,1987
228,0,14,12,//N,0.9727293,1988
229,0,14,12,//N,0.45206709999999994,1989
230,0,14,12,//N,0.16717579999999999,1990
231,0,14,12,//N,0.49792709999999996,1991
232,0,14,12,//N,0.5541321,1992
233,0,14,12,//N,0.7184189999999999,1993
234,0,14,12,//N,0.7170749,1994
235,0,14,12,//N,0.5511441,1995
236,0,14,12,//N,0.7835677,1996
237,0,14,12,//N,0.8458565999999998,1997
238,0,14,12,//N,0.8980709000000001,1998
239,0,14,12,//N,1.6623450000000002,1999
240,0,14,12,//N,0.6551486999999999,2004
241,0,14,108,//N,0.0,1985
242,0,14,108,//N,0.0912266,1986
243,0,14,108,//N,0.0,1987
244,0,14,108,//N,0.0,1988
245,0,14,108,//N,0.0,1989
246,0,14,108,//N,0.0,1990
247,0,14,108,//N,0.0,1991
248,0,14,146,//N,0.7461889,1982
249,0,14,146,//N,0.8927014999999999,1983
250,0,14,146,//N,0.8736251,1984
251,0,14,146,//N,0.8657391,1985
252,0,14,146,//N,0.9812609,1986
253,0,14,146,//N,0.9682215000000001,1987
254,0,14,146,//N,0.9972638,1988
255,0,14,146,//N,1.1420709999999998,1989
256,0,14,146,//N,1.266428,1990
257,0,14,146,//N,1.208178,1991
258,0,14,146,//N,1.155483,1992
259,0,14,146,//N,1.2935290000000002,1993
260,0,14,146,//N,1.21175,1994
261,0,14,146,//N,1.500169,1995
262,0,14,146,//N,1.624492,1996
263,0,14,146,//N,1.5390409999999999,1997
264,0,14,146,//N,1.515803,1998
265,0,14,146,//N,1.53898,1999
266,0,14,146,//N,1.666089,2000
267,0,14,146,//N,1.650782,2001
268,0,14,146,//N,1.79892,2002
269,0,14,146,//N,1.6636919999999997,2003
270,0,14,146,//N,1.5543049999999998,2004
271,0,14,146,//N,1.6690720000000001,2005
272,0,14,154,//N,0.5537329000000001,1964
273,0,14,154,//N,0.5693944000000001,1965
274,0,14,154,//N,0.6295111,1966
275,0,14,154,//N,0.47866990000000004,1967
276,0,14,154,//N,0.5220123,1968
277,0,14,154,//N,0.7759889,1969
278,0,14,154,//N,0.35711220000000005,1970
279,0,14,154,//N,0.832362,1971
280,0,14,154,//N,0.8857115,1972
281,0,14,154,//N,0.7782121999999999,1973
282,0,14,154,//N,0.3496885,1974
283,0,14,154,//N,0.2500368,1975
284,0,14,154,//N,0.345973,1976
285,0,14,154,//N,0.24599580000000001,1977
286,0,14,154,//N,0.6130641,1978
287,0,14,154,//N,0.49956179999999994,1979
288,0,14,154,//N,0.5237636,1980
289,0,14,154,//N,0.41693220000000003,1981
290,0,14,154,//N,0.9617466999999998,1982
291,0,14,154,//N,0.2183594,1983
292,0,14,154,//N,0.7939448,1984
293,0,14,154,//N,0.7373976999999999,1985
294,0,14,154,//N,0.4050812,1986
295,0,14,154,//N,0.46897559999999994,1987
296,0,14,154,//N,0.6688301999999999,1988
297,0,14,154,//N,0.6785831,1989
298,0,14,154,//N,0.7347733,1990
299,0,14,154,//N,0.441745,1991
300,0,14,154,//N,0.4201364000000001,1992
301,0,14,154,//N,0.8526068000000001,1993
302,0,14,154,//N,0.4228986,1994
303,0,14,154,//N,0.4055866,1995
304,0,14,154,//N,0.6046705,1996
305,0,14,154,//N,1.000891,1997
306,0,14,154,//N,0.7691724,1998
307,0,14,154,//N,0.6235616,1999
308,0,14,154,//N,0.6565429,2000
309,0,14,154,//N,0.832817,2001
310,0,14,154,//N,0.9072298000000001,2002
311,0,14,154,//N,0.5580054,2003
312,0,14,154,//N,0.2774065,2004
313,0,14,154,//N,0.5723666999999999,2005
314,0,14,154,//N,0.1034417,2006
315,0,14,154,//N,0.4884627,2007
316,0,14,154,//N,0.4868175,2008
317,0,14,133,//N,0.4470425,1950
318,0,14,133,//N,0.5495331999999999,1951
319,0,14,133,//N,0.6774884,1952
320,0,14,133,//N,0.8097409999999999,1953
321,0,14,133,//N,0.5278575,1954
322,0,14,133,//N,0.6144602,1955
323,0,14,133,//N,0.7629520000000001,1956
324,0,14,133,//N,0.5399411,1957
325,0,14,133,//N,0.787471,1958
326,0,14,133,//N,0.575096,1959
327,0,14,133,//N,0.6251256,1960
328,0,14,133,//N,0.4451441,1961
329,0,14,133,//N,0.6092232,1962
330,0,14,133,//N,0.45320950000000004,1963
331,0,14,133,//N,0.47954719999999995,1964
332,0,14,133,//N,0.7409319999999999,1965
333,0,14,133,//N,0.7555377,1966
334,0,14,133,//N,0.8428483,1967
335,0,14,133,//N,0.6026423000000001,1968
336,0,14,133,//N,0.7940294,1969
337,0,14,133,//N,0.9459306999999999,1970
338,0,14,133,//N,0.8126518,1971
339,0,14,133,//N,0.7483599,1972
340,0,14,133,//N,0.7757935,1973
341,0,14,133,//N,1.029924,1974
342,0,14,133,//N,0.9597054,1975
343,0,14,133,//N,0.9151381,1976
344,0,14,133,//N,0.9678094,1977
345,0,14,133,//N,1.121833,1978
346,0,14,133,//N,1.28598,1979
347,0,14,133,//N,0.6592186999999999,1980
348,0,14,133,//N,1.0626659999999999,1981
349,0,14,133,//N,0.7168032,1982
350,0,14,133,//N,0.8741523999999999,1983
351,0,14,133,//N,1.066619,1984
352,0,14,133,//N,0.8779269000000001,1985
353,0,14,133,//N,1.080753,1986
354,0,14,133,//N,0.9290084000000001,1987
355,0,14,133,//N,0.6445701,1988
356,0,14,133,//N,0.8034369,1989
357,0,14,133,//N,0.8098122,1990
358,0,14,133,//N,0.8999956,1991
359,0,14,133,//N,0.7683098,1992
360,0,14,133,//N,0.5365460999999999,1993
361,0,14,133,//N,0.7695104,1994
362,0,14,133,//N,0.7462767,1995
363,0,14,133,//N,0.8939393,1996
364,0,14,133,//N,0.7818069000000001,1997
365,0,14,133,//N,0.7889480999999999,1998
366,0,14,133,//N,0.6262403,1999
367,0,14,133,//N,0.6608090999999999,2000
368,0,14,133,//N,0.6272814999999999,2001
369,0,14,133,//N,0.6959138000000001,2002
370,0,14,133,//N,0.5098929,2003
371,0,14,133,//N,0.5794486999999999,2004
372,0,14,188,//N,0.4374049,1955
373,0,14,188,//N,0.765858,1956
374,0,14,188,//N,0.8202094999999999,1957
375,0,14,188,//N,0.7509204,1958
376,0,14,188,//N,1.107597,1959
377,0,14,188,//N,0.7295116,1960
378,0,14,188,//N,1.050211,1961
379,0,14,188,//N,0.4020236,1962
380,0,14,188,//N,0.8392252,1963
381,0,14,188,//N,0.7637847,1964
382,0,14,188,//N,0.2430841,1965
383,0,14,188,//N,0.9303038,1966
384,0,14,188,//N,0.4525617,1967
385,0,14,188,//N,1.0588799999999998,1968
386,0,14,188,//N,0.8092891999999999,1969
387,0,14,188,//N,0.9044151,1970
388,0,14,188,//N,0.7578494,1971
389,0,14,188,//N,1.036713,1972
390,0,14,188,//N,0.6915734,1973
391,0,14,188,//N,0.7129728,1974
392,0,14,188,//N,0.7444351,1975
393,0,14,188,//N,0.6814857,1976
394,0,14,188,//N,0.6474934,1977
395,0,14,188,//N,0.5861144,1978
396,0,14,188,//N,0.5414372,1979
397,0,14,188,//N,1.026088,1980
398,0,14,188,//N,0.7872379,1981
399,0,14,188,//N,0.7531093000000001,1982
400,0,14,188,//N,0.6836482,1983
401,0,14,188,//N,0.6816177,1984
402,0,14,188,//N,0.5132051999999999,1985
403,0,14,188,//N,0.5624557,1986
404,0,14,188,//N,0.2337268,1987
405,0,14,188,//N,0.7127496999999999,1988
406,0,14,188,//N,0.5967925000000001,1989
407,0,14,188,//N,0.6550083000000001,1990
408,0,14,188,//N,0.7213175999999999,1991
409,0,14,188,//N,0.5873646,1992
410,0,14,188,//N,0.19257020000000002,1993
411,0,14,188,//N,0.5271342,1994
412,0,14,188,//N,0.5172515000000001,1995
413,0,14,188,//N,0.5950325,1996
414,0,14,188,//N,0.6021085,1997
415,0,14,188,//N,0.644231,1998
416,0,14,188,//N,0.37570970000000004,1999
417,0,14,188,//N,0.7323039000000001,2000
418,0,14,188,//N,0.6759888000000001,2001
419,0,14,188,//N,0.6560332,2002
420,0,14,188,//N,0.61379,2003
421,0,14,188,//N,0.6040998000000001,2004
422,0,14,188,//N,0.47194359999999996,2005
423,0,14,86,//N,2.434036,1953
424,0,14,86,//N,2.443668,1954
425,0,14,86,//N,4.257189,1955
426,0,14,86,//N,7.443536999999999,1956
427,0,14,86,//N,5.311781,1957
428,0,14,86,//N,5.730027,1958
429,0,14,86,//N,4.099205,1959
430,0,14,86,//N,3.740126,1960
431,0,14,86,//N,3.8234760000000003,1961
432,0,14,86,//N,3.578753,1962
433,0,14,86,//N,3.4149910000000006,1963
434,0,14,86,//N,2.521652,1964
435,0,14,86,//N,2.126625,1965
436,0,14,86,//N,1.751755,1966
437,0,14,86,//N,1.590443,1967
438,0,14,86,//N,1.440387,1968
439,0,14,86,//N,1.088806,1969
440,0,14,86,//N,1.0982889999999998,1972
441,0,14,86,//N,1.381078,1974
442,0,14,86,//N,1.0463040000000001,1975
443,0,14,86,//N,1.283591,1976
444,0,14,86,//N,1.445095,1977
445,0,14,86,//N,1.6335389999999999,1984
446,0,14,86,//N,2.201227,1985
447,0,14,86,//N,1.9734,1986
448,0,14,86,//N,1.769308,1987
449,0,14,86,//N,2.287129,1988
450,0,14,86,//N,2.3652509999999998,1989
451,0,14,86,//N,3.033764,1990
452,0,14,86,//N,3.8419980000000002,1991
453,0,14,86,//N,4.39971,1992
454,0,14,86,//N,4.144517,1993
455,0,14,86,//N,4.032775,1994
456,0,14,86,//N,3.346919,1995
457,0,14,86,//N,3.1963209999999997,1996
458,0,14,86,//N,2.786889,1997
459,0,14,86,//N,3.4004980000000002,1998
460,0,14,86,//N,3.43738,1999
461,0,14,86,//N,3.3529980000000004,2000
462,0,14,86,//N,3.344987,2001
463,0,14,86,//N,3.725191,2002
464,0,14,86,//N,2.332639,2004
465,0,14,86,//N,2.139463,2005
466,0,14,86,//N,2.1005279999999997,2006
467,0,14,33,//N,0.1797536,1962
468,0,14,33,//N,0.0,1963
469,0,14,33,//N,0.1491958,1964
470,0,14,33,//N,0.5854825,1965
471,0,14,33,//N,0.30079770000000006,1966
472,0,14,33,//N,0.300716,1967
473,0,14,33,//N,0.23200460000000003,1968
474,0,14,33,//N,0.8035187,1969
475,0,14,33,//N,1.204928,1970
476,0,14,33,//N,0.6705934,1971
477,0,14,33,//N,1.107226,1972
478,0,14,33,//N,1.005654,1973
479,0,14,33,//N,0.35540109999999997,1974
480,0,14,33,//N,0.8467696,1975
481,0,14,33,//N,1.098824,1976
482,0,14,33,//N,0.36954549999999997,1977
483,0,14,33,//N,0.44697079999999995,1978
484,0,14,33,//N,0.3530185,1979
485,0,14,33,//N,1.8299560000000001,1980
486,0,14,33,//N,0.737053,1981
487,0,14,33,//N,0.7564173000000001,1982
488,0,14,33,//N,0.6163139,1983
489,0,14,33,//N,0.7597417,1984
490,0,14,33,//N,0.9741133,1985
491,0,14,33,//N,1.46638,1986
492,0,14,33,//N,1.5423870000000002,1987
493,0,14,33,//N,0.3541013,1988
494,0,14,33,//N,1.811288,1989
495,0,14,33,//N,0.64604,1990
496,0,14,33,//N,1.026397,1991
497,0,14,33,//N,0.5954874,1992
498,0,14,33,//N,0.5985296999999999,1993
499,0,14,33,//N,0.44546149999999995,1994
500,0,14,33,//N,0.5944751,1995
501,0,14,33,//N,0.7711412,1996
502,0,14,33,//N,0.7607456,1997
503,0,14,33,//N,0.624575,1998
504,0,14,33,//N,0.5194920999999999,1999
505,0,14,33,//N,0.4971793,2000
506,0,14,33,//N,0.3432136,2001
507,0,14,33,//N,0.33576490000000003,2002
508,0,14,33,//N,1.267691,2003
509,0,14,33,//N,0.9250533000000001,2004
510,0,14,33,//N,0.9583733,2005
511,0,14,33,//N,0.41011210000000003,2006
512,0,14,71,//N,1.161437,1985
513,0,14,71,//N,1.274302,1986
514,0,14,71,//N,0.7808613,1987
515,0,14,71,//N,0.7040048000000001,1988
516,0,14,71,//N,0.5626839,1989
517,0,14,71,//N,0.3608063,1990
518,0,14,71,//N,0.8082414000000001,1991
519,0,14,71,//N,1.1770399999999999,1992
520,0,14,71,//N,1.031734,1993
521,0,14,71,//N,0.9259771000000001,1994
522,0,14,71,//N,0.6858803000000001,1995
523,0,14,71,//N,0.10907080000000001,1996
524,0,14,71,//N,0.5581832,1997
525,0,14,71,//N,0.9882665999999999,1998
526,0,14,71,//N,0.4824465,1999
527,0,14,71,//N,0.5122907,2000
528,0,14,71,//N,0.46626130000000005,2001
529,0,14,71,//N,0.17253529999999997,2002
530,0,14,71,//N,0.301833,2003
531,0,14,71,//N,0.0,2004
532,0,14,71,//N,0.1633451,2005
533,0,14,71,//N,0.1646684,2006
534,0,14,71,//N,0.3159152,2007
535,0,14,71,//N,0.1668811,2008
536,0,14,118,//N,0.8022169,1964
537,0,14,118,//N,0.9978847,1968
538,0,14,118,//N,0.5890909000000001,1969
539,0,14,118,//N,0.9034671000000001,1970
540,0,14,118,//N,0.8454447,1971
541,0,14,118,//N,1.005318,1972
542,0,14,118,//N,1.673713,1973
543,0,14,118,//N,1.173594,1974
544,0,14,118,//N,0.9851834999999999,1975
545,0,14,118,//N,0.7543185,1976
546,0,14,118,//N,1.172979,1977
547,0,14,118,//N,1.3017450000000002,1992
548,0,14,118,//N,1.320594,1993
549,0,14,118,//N,0.789496,1994
550,0,14,118,//N,1.145522,1995
551,0,14,118,//N,0.6477059000000001,1996
552,0,14,118,//N,0.903143,1997
553,0,14,118,//N,0.5579721,1998
554,0,14,118,//N,0.8804462,1999
555,0,14,118,//N,0.977816,2000
556,0,14,118,//N,0.628834,2001
557,0,14,118,//N,0.5858388000000001,2002
558,0,14,118,//N,0.741024,2003
559,0,14,118,//N,0.7906376,2004
560,0,14,118,//N,0.7159606,2005
561,0,14,118,//N,0.7153816999999999,2006
562,0,14,118,//N,0.5989156,2007
563,0,14,80,//N,0.0,1999
564,0,14,80,//N,0.0,2000
565,0,14,80,//N,0.0,2004
566,0,14,80,//N,0.0,2005
567,0,14,80,//N,0.0,2006
568,0,14,80,//N,0.0,2007
569,0,14,68,//N,0.9136989999999999,1986
570,0,14,68,//N,0.6652680999999999,1987
571,0,14,68,//N,0.46935240000000006,1988
572,0,14,68,//N,0.5661616,1989
573,0,14,68,//N,0.8852645,1990
574,0,14,68,//N,0.8279841,1991
575,0,14,68,//N,0.9343634,1992
576,0,14,68,//N,1.149243,1993
577,0,14,68,//N,1.243034,1994
578,0,14,68,//N,1.031626,1995
579,0,14,68,//N,0.27307,1996
580,0,14,68,//N,0.3402735,1997
581,0,14,68,//N,0.4413867,1998
582,0,14,68,//N,0.700818,1999
583,0,14,68,//N,0.7086276,2000
584,0,14,68,//N,0.5038752999999999,2001
585,0,14,68,//N,0.2918062,2002
586,0,14,68,//N,0.3283311,2003
587,0,14,68,//N,0.397306,2004
588,0,14,68,//N,0.06968819999999999,2005
589,0,14,68,//N,0.06693710000000001,2006
590,0,14,68,//N,0.6148177,2007
591,0,14,68,//N,0.0651743,2008
592,0,14,106,//N,2.4519330000000004,1951
593,0,14,106,//N,2.087549,1952
594,0,14,106,//N,2.283202,1953
595,0,14,106,//N,1.5389760000000001,1954
596,0,14,106,//N,0.7673518,1955
597,0,14,106,//N,2.0743970000000003,1956
598,0,14,106,//N,1.049713,1957
599,0,14,106,//N,1.125113,1958
600,0,14,106,//N,0.5942886,1959
601,0,14,106,//N,0.9744535,1960
602,0,14,106,//N,0.4563938,1961
603,0,14,106,//N,0.9713946,1962
604,0,14,106,//N,1.165941,1963
605,0,14,106,//N,0.8733339,1964
606,0,14,106,//N,0.7894762,1965
607,0,14,106,//N,0.7388526,1966
608,0,14,106,//N,0.6684236,1967
609,0,14,106,//N,0.7826386,1968
610,0,14,106,//N,0.7843728,1969
611,0,14,106,//N,0.5131443,1970
612,0,14,106,//N,0.7906662,1971
613,0,14,106,//N,0.7688868000000001,1972
614,0,14,106,//N,1.243439,1973
615,0,14,106,//N,0.43197650000000004,1974
616,0,14,106,//N,0.4378363,1975
617,0,14,106,//N,0.8068383000000001,1976
618,0,14,106,//N,0.5670793000000001,1977
619,0,14,106,//N,0.4407339,1978
620,0,14,106,//N,1.120554,1979
621,0,14,106,//N,1.30615,1980
622,0,14,106,//N,1.390976,1981
623,0,14,106,//N,0.5844343000000001,1982
624,0,14,106,//N,0.9098083,1983
625,0,14,106,//N,0.9006736999999999,1984
626,0,14,106,//N,0.8319365,1985
627,0,14,106,//N,1.5382639999999999,1986
628,0,14,106,//N,0.6062095000000001,1987
629,0,14,106,//N,1.068614,1988
630,0,14,106,//N,1.070783,1989
631,0,14,106,//N,0.5767201999999999,1990
632,0,14,106,//N,0.6814733000000001,1991
633,0,14,106,//N,0.7523876,1992
634,0,14,106,//N,1.1404219999999998,1993
635,0,14,106,//N,0.6156256999999999,1994
636,0,14,106,//N,0.5334286,1995
637,0,14,106,//N,0.4124241,1996
638,0,14,106,//N,0.3102043,1997
639,0,14,106,//N,0.72227,1998
640,0,14,106,//N,0.2094613,1999
641,0,14,106,//N,0.7180415,2000
642,0,14,106,//N,0.5041699000000001,2001
643,0,14,106,//N,0.1085077,2002
644,0,14,106,//N,1.217601,2003
645,0,14,106,//N,0.0,2004
646,0,14,106,//N,0.6054857,2005
647,0,14,106,//N,0.0,2006
648,0,14,111,//N,0.709429,1973
649,0,14,111,//N,0.5261284,1974
650,0,14,111,//N,0.5782874,1975
651,0,14,111,//N,0.6363994000000001,1976
652,0,14,111,//N,0.6649079999999999,1977
653,0,14,111,//N,0.5663005999999999,1978
654,0,14,111,//N,0.4247169,1979
655,0,14,111,//N,0.21960529999999998,1980
656,0,14,111,//N,0.0992431,1987
657,0,14,111,//N,0.0084773,2000
658,0,14,111,//N,0.0436625,2008
659,0,14,70,//N,2.654586,2005
660,0,14,70,//N,3.3775779999999997,2006
661,0,14,167,//N,1.216062,1981
662,0,14,167,//N,1.2065549999999998,1982
663,0,14,167,//N,2.048177,1985
664,0,14,167,//N,2.104319,1986
665,0,14,167,//N,2.326094,1987
666,0,14,167,//N,0.5698714,1988
667,0,14,167,//N,0.5667605,1989
668,0,14,167,//N,1.175184,1990
669,0,14,167,//N,0.6908696999999999,1991
670,0,14,167,//N,3.6404129999999997,1992
671,0,14,167,//N,3.106421,1993
672,0,14,167,//N,2.097018,1994
673,0,14,167,//N,2.383893,1995
674,0,14,167,//N,0.9858918,1996
675,0,14,167,//N,0.6575767,1997
676,0,14,167,//N,1.2625620000000002,1998
677,0,14,167,//N,3.214396,1999
678,0,14,167,//N,2.1358599999999996,2000
679,0,14,167,//N,0.5531815,2001
680,0,14,167,//N,0.4967139,2002
681,0,14,167,//N,1.441128,2003
682,0,14,167,//N,0.0,2004
683,0,14,167,//N,1.021892,2005
684,0,14,167,//N,0.0,2006
685,0,14,167,//N,1.534365,2007
686,0,14,167,//N,0.9099613000000001,2008
687,0,14,90,//N,1.8804470000000002,1952
688,0,14,90,//N,2.4790509999999997,1953
689,0,14,90,//N,2.4973240000000003,1954
690,0,14,90,//N,1.803102,1955
691,0,14,90,//N,2.2439560000000003,1956
692,0,14,90,//N,2.5986580000000004,1957
693,0,14,90,//N,1.8288330000000002,1958
694,0,14,90,//N,1.317417,1959
695,0,14,90,//N,2.468261,1960
696,0,14,90,//N,1.299734,1961
697,0,14,90,//N,1.509148,1962
698,0,14,90,//N,1.350717,1963
699,0,14,90,//N,1.287882,1964
700,0,14,90,//N,1.471428,1965
701,0,14,90,//N,1.820287,1966
702,0,14,90,//N,1.072654,1967
703,0,14,90,//N,1.492472,1968
704,0,14,90,//N,1.018451,1969
705,0,14,90,//N,1.038513,1970
706,0,14,90,//N,1.842125,1971
707,0,14,90,//N,1.797325,1972
708,0,14,90,//N,1.035036,1973
709,0,14,90,//N,0.6331449,1974
710,0,14,90,//N,0.5966397,1975
711,0,14,90,//N,1.0369469999999998,1976
712,0,14,90,//N,1.169506,1977
713,0,14,90,//N,0.3240025,1978
714,0,14,90,//N,0.6256223000000001,1979
715,0,14,90,//N,0.965923,1980
716,0,14,90,//N,0.5513847,1981
717,0,14,90,//N,0.9504935,1982
718,0,14,90,//N,0.8414313,1983
719,0,14,90,//N,1.060183,1984
720,0,14,90,//N,0.9580681999999999,1985
721,0,14,90,//N,1.397894,1986
722,0,14,90,//N,0.8708572,1987
723,0,14,90,//N,0.22779169999999999,1988
724,0,14,90,//N,1.049082,1989
725,0,14,90,//N,0.5358461999999999,1990
726,0,14,90,//N,0.6208779000000001,1991
727,0,14,90,//N,0.5193478,1992
728,0,14,90,//N,1.128208,1993
729,0,14,90,//N,0.6207083000000001,1994
730,0,14,90,//N,0.9428664000000001,1995
731,0,14,90,//N,0.9731931999999999,1996
732,0,14,90,//N,0.6221953,1997
733,0,14,90,//N,0.33052109999999996,1998
734,0,14,90,//N,0.5262846999999999,1999
735,0,14,90,//N,0.8461565000000001,2000
736,0,14,90,//N,0.5257136,2001
737,0,14,90,//N,1.229265,2002
738,0,14,90,//N,0.36145,2003
739,0,14,90,//N,0.44781279999999996,2004
740,0,14,90,//N,0.7055174,2005
741,0,14,90,//N,0.35158259999999997,2006
742,0,14,90,//N,0.6870375,2007
743,0,14,90,//N,0.44104309999999997,2008
744,0,14,75,//N,0.44670379999999993,1950
745,0,14,75,//N,0.38097020000000004,1952
746,0,14,75,//N,0.4091092,1953
747,0,14,75,//N,0.3680879,1954
748,0,14,75,//N,0.388227,1955
749,0,14,75,//N,0.4290788,1956
750,0,14,75,//N,0.47514490000000004,1957
751,0,14,75,//N,0.3880745,1958
752,0,14,75,//N,0.7248408000000001,1959
753,0,14,75,//N,0.4749857,1960
754,0,14,75,//N,0.5235044,1961
755,0,14,75,//N,0.5173802,1962
756,0,14,75,//N,0.48037650000000004,1963
757,0,14,75,//N,0.5313106,1964
758,0,14,75,//N,0.4514878,1965
759,0,14,75,//N,0.5669371999999999,1966
760,0,14,75,//N,0.5713719,1967
761,0,14,75,//N,0.5116263,1968
762,0,14,75,//N,0.3545507,1969
763,0,14,75,//N,0.26249190000000006,1970
764,0,14,75,//N,0.3038849,1971
765,0,14,75,//N,0.4460657,1972
766,0,14,75,//N,0.2817934,1973
767,0,14,75,//N,0.46813679999999996,1974
768,0,14,75,//N,0.3189527,1975
769,0,14,75,//N,0.3399293,1976
770,0,14,75,//N,0.37103379999999997,1977
771,0,14,75,//N,0.443137,1978
772,0,14,75,//N,0.5175221999999999,1979
773,0,14,75,//N,0.42202870000000003,1980
774,0,14,75,//N,0.44856660000000004,1981
775,0,14,75,//N,0.4701317,1982
776,0,14,75,//N,0.6867691,1983
777,0,14,75,//N,0.539288,1984
778,0,14,75,//N,0.4512255,1985
779,0,14,75,//N,0.4767518,1986
780,0,14,75,//N,0.6130770000000001,1987
781,0,14,75,//N,0.5493661999999999,1988
782,0,14,75,//N,0.6425092,1989
783,0,14,75,//N,0.45444650000000003,1990
784,0,14,75,//N,0.4925916,1991
785,0,14,75,//N,0.45420879999999997,1992
786,0,14,75,//N,0.5431851,1993
787,0,14,75,//N,0.5975332,1994
788,0,14,75,//N,0.4524373,1995
789,0,14,75,//N,0.6396765999999999,1996
790,0,14,75,//N,0.4753009,1997
791,0,14,75,//N,0.36829870000000003,1998
792,0,14,75,//N,0.3698119,1999
793,0,14,75,//N,0.6482765,2000
794,0,14,75,//N,0.5265653,2001
795,0,14,75,//N,0.4884458,2002
796,0,14,75,//N,0.3690291,2003
797,0,14,75,//N,0.3412002,2004
798,0,14,75,//N,0.40177009999999996,2005
799,0,14,75,//N,0.47459830000000003,2006
800,0,14,75,//N,0.26657329999999996,2007
801,0,14,193,//N,0.3852445,1981
802,0,14,193,//N,0.15332920000000003,1982
803,0,14,193,//N,0.4550799,1985
804,0,14,193,//N,0.0,1986
805,0,14,193,//N,0.1530457,1987
806,0,14,193,//N,0.7513423,1988
807,0,14,193,//N,0.5234972,1989
808,0,14,193,//N,0.30736290000000005,1990
809,0,14,193,//N,0.0,1991
810,0,14,193,//N,0.0,1992
811,0,14,193,//N,0.0,1994
812,0,14,193,//N,0.0,1995
813,0,14,193,//N,0.0,1996
814,0,14,193,//N,0.1063011,1997
815,0,14,193,//N,0.2061944,1998
816,0,14,193,//N,0.20972889999999997,1999
817,0,14,193,//N,0.0,2000
818,0,14,193,//N,0.09997339999999999,2001
819,0,14,88,//N,0.5867901999999999,1990
820,0,14,88,//N,0.6886835,1991
821,0,14,88,//N,0.5886624,1992
822,0,14,88,//N,0.6579282,1993
823,0,14,88,//N,0.7307464,1994
824,0,14,88,//N,0.7103035,1995
825,0,14,88,//N,0.5902516,1996
826,0,14,88,//N,0.4399855,1997
827,0,14,88,//N,0.7070510999999999,1998
828,0,14,88,//N,0.5946774,1999
829,0,14,88,//N,0.5753233,2000
830,0,14,88,//N,0.5579031,2001
831,0,14,88,//N,0.5105065,2002
832,0,14,88,//N,0.4458789000000001,2003
833,0,14,88,//N,0.4262607,2004
834,0,14,88,//N,0.4017386,2005
835,0,14,88,//N,0.43724189999999996,2006
836,0,14,173,//N,0.36468649999999997,1961
837,0,14,173,//N,0.4124960999999999,1962
838,0,14,173,//N,0.4161322,1963
839,0,14,173,//N,0.2298587,1964
840,0,14,173,//N,0.5091321,1965
841,0,14,173,//N,0.2733822,1966
842,0,14,173,//N,0.266998,1967
843,0,14,173,//N,0.2247939,1968
844,0,14,173,//N,0.27020340000000004,1969
845,0,14,173,//N,0.1379446,1970
846,0,14,173,//N,0.2768176,1971
847,0,14,173,//N,0.22573979999999996,1972
848,0,14,173,//N,0.2446895,1973
849,0,14,173,//N,0.22217779999999998,1974
850,0,14,173,//N,0.09521639999999999,1975
851,0,14,173,//N,0.1437864,1976
852,0,14,173,//N,0.18161839999999999,1977
853,0,14,173,//N,0.09485650000000001,1978
854,0,14,173,//N,0.1494456,1979
855,0,14,173,//N,0.2212895,1980
856,0,14,173,//N,0.2879835,1981
857,0,14,173,//N,0.2385188,1982
858,0,14,173,//N,0.336991,1983
859,0,14,173,//N,0.0922051,1984
860,0,14,173,//N,0.0582812,1985
861,0,14,173,//N,0.26825879999999996,1986
862,0,14,173,//N,0.0,1987
863,0,14,173,//N,0.3312172,1988
864,0,14,173,//N,0.0480397,1989
865,0,14,173,//N,0.0440702,1990
866,0,14,173,//N,0.3743551,1991
867,0,14,173,//N,0.0,1992
868,0,14,173,//N,0.29258829999999997,1993
869,0,14,173,//N,0.0,1994
870,0,14,173,//N,0.1614575,1995
871,0,14,173,//N,0.4360304,1996
872,0,14,173,//N,0.1860265,1997
873,0,14,173,//N,0.0639684,1998
874,0,14,173,//N,0.2400591,1999
875,0,14,173,//N,0.0652818,2000
876,0,14,173,//N,0.0684913,2001
877,0,14,173,//N,0.2394874,2002
878,0,14,173,//N,0.13455250000000002,2003
879,0,14,173,//N,0.1936476,2004
880,0,14,173,//N,0.0,2005
881,0,14,173,//N,0.12762300000000001,2006
882,0,14,173,//N,0.37794179999999994,2007
883,0,14,173,//N,0.12142760000000001,2008
884,0,14,120,//N,0.8040354000000001,1963
885,0,14,120,//N,1.20994,1964
886,0,14,120,//N,0.7704408,1965
887,0,14,120,//N,0.9044397,1966
888,0,14,120,//N,1.356182,1967
889,0,14,120,//N,1.140884,1968
890,0,14,120,//N,0.9025376,1969
891,0,14,120,//N,0.7114185000000001,1970
892,0,14,120,//N,1.084611,1971
893,0,14,120,//N,1.80285,1974
894,0,14,120,//N,1.4332129999999998,1977
895,0,14,120,//N,2.533506,1979
896,0,14,120,//N,1.632766,1980
897,0,14,120,//N,5.642676,1981
898,0,14,120,//N,0.4858687,1984
899,0,14,120,//N,1.3823860000000001,1986
900,0,14,120,//N,1.7176360000000002,1987
901,0,14,120,//N,1.6723270000000001,1988
902,0,14,120,//N,1.1530559999999999,1989
903,0,14,120,//N,0.9202815000000001,1990
904,0,14,120,//N,1.297998,1991
905,0,14,120,//N,1.171154,1992
906,0,14,120,//N,1.2489860000000002,1993
907,0,14,120,//N,1.266823,1994
908,0,14,120,//N,1.101927,1995
909,0,14,120,//N,1.264114,1996
910,0,14,120,//N,1.624707,1997
911,0,14,120,//N,1.831737,1998
912,0,14,120,//N,1.133936,1999
913,0,14,120,//N,1.254961,2000
914,0,14,120,//N,1.529354,2001
915,0,14,120,//N,1.7378740000000001,2002
916,0,14,120,//N,1.947483,2003
917,0,14,120,//N,1.563726,2004
918,0,14,120,//N,2.0842650000000003,2005
919,0,14,120,//N,1.8972930000000001,2006
920,0,14,82,//N,1.022234,1955
921,0,14,82,//N,0.9682059000000001,1956
922,0,14,82,//N,0.8631228000000001,1957
923,0,14,82,//N,0.6434481,1958
924,0,14,82,//N,1.704925,1959
925,0,14,82,//N,1.068798,1960
926,0,14,82,//N,1.6660720000000002,1961
927,0,14,82,//N,1.6398669999999997,1962
928,0,14,82,//N,1.183785,1963
929,0,14,82,//N,1.5766719999999999,1964
930,0,14,82,//N,1.177813,1965
931,0,14,82,//N,1.9748400000000002,1966
932,0,14,82,//N,1.500739,1967
933,0,14,82,//N,2.2343509999999998,1968
934,0,14,82,//N,1.7639770000000001,1969
935,0,14,82,//N,1.318652,1970
936,0,14,82,//N,1.762961,1971
937,0,14,82,//N,2.370009,1972
938,0,14,82,//N,1.687945,1973
939,0,14,82,//N,1.2165190000000001,1974
940,0,14,82,//N,0.9473039000000001,1975
941,0,14,82,//N,1.681786,1976
942,0,14,82,//N,0.9697308000000001,1977
943,0,14,82,//N,1.82935,1978
944,0,14,82,//N,1.333961,1979
945,0,14,82,//N,1.5835709999999998,1980
946,0,14,82,//N,1.7913029999999999,1981
947,0,14,82,//N,1.305836,1982
948,0,14,82,//N,1.7561900000000001,1983
949,0,14,82,//N,0.723911,1984
950,0,14,82,//N,1.528345,1985
951,0,14,82,//N,1.307707,1986
952,0,14,82,//N,1.617345,1987
953,0,14,82,//N,2.1461770000000002,1988
954,0,14,82,//N,1.145822,1989
955,0,14,82,//N,1.259215,1990
956,0,14,82,//N,0.9823291,1991
957,0,14,82,//N,0.6357765999999999,1992
958,0,14,82,//N,1.198624,1993
959,0,14,82,//N,0.6268427,1994
960,0,14,82,//N,1.160205,1995
961,0,14,82,//N,1.436243,1996
962,0,14,82,//N,0.9151106,1997
963,0,14,82,//N,1.498891,1998
964,0,14,82,//N,1.00431,1999
965,0,14,82,//N,1.286746,2000
966,0,14,82,//N,0.6537636,2001
967,0,14,82,//N,1.5260799999999999,2002
968,0,14,82,//N,0.7173470000000001,2003
969,0,14,82,//N,0.8616229,2004
970,0,14,82,//N,0.7091390999999999,2005
971,0,14,82,//N,1.5798510000000001,2006
972,0,14,82,//N,0.8378433000000001,2007
973,0,14,82,//N,0.9052849000000001,2008
974,0,14,3,//N,0.6612195,1950
975,0,14,3,//N,0.219541,1951
976,0,14,3,//N,0.2244904,1952
977,0,14,3,//N,0.5715857,1953
978,0,14,3,//N,0.2315757,1954
979,0,14,3,//N,0.35204179999999996,1955
980,0,14,3,//N,0.0,1956
981,0,14,3,//N,0.1175452,1957
982,0,14,3,//N,0.48574409999999996,1958
983,0,14,3,//N,0.5846908000000001,1959
984,0,14,3,//N,0.1181428,1960
985,0,14,3,//N,0.1130511,1961
986,0,14,3,//N,0.3470262,1962
987,0,14,3,//N,0.22631260000000003,1963
988,0,14,3,//N,0.5552710999999999,1964
989,0,14,3,//N,0.22443110000000002,1965
990,0,14,3,//N,0.1095979,1966
991,0,14,3,//N,0.5459404999999999,1967
992,0,14,3,//N,0.32945009999999997,1968
993,0,14,3,//N,0.10994369999999999,1969
994,0,14,3,//N,0.438456,1970
995,0,14,3,//N,0.42027570000000003,1971
996,0,14,3,//N,0.4205207,1972
997,0,14,3,//N,0.2062342,1973
998,0,14,3,//N,0.10434500000000001,1974
999,0,14,3,//N,0.9194664,1975
1000,0,14,3,//N,0.10450419999999999,1976
1001,0,14,3,//N,0.09980030000000001,1977
1002,0,14,3,//N,0.10058339999999999,1978
1003,0,14,3,//N,0.4880169,1979
1004,0,14,3,//N,0.0,1980
1005,0,14,3,//N,0.28742670000000003,1981
1006,0,14,3,//N,0.0,1982
1007,0,14,3,//N,0.09538730000000001,1983
1008,0,14,3,//N,0.1097705,1984
1009,0,14,3,//N,0.0,1985
1010,0,14,3,//N,0.1895828,1986
1011,0,14,3,//N,0.8017132,1987
1012,0,14,3,//N,0.0,1988
1013,0,14,3,//N,0.0,1989
1014,0,14,3,//N,0.1372131,1990
1015,0,14,3,//N,0.0,1991
1016,0,14,3,//N,0.24752670000000002,1992
1017,0,14,3,//N,0.3702808,1993
1018,0,14,3,//N,0.0,1994
1019,0,14,3,//N,0.0,1995
1020,0,14,3,//N,0.3611696,1996
1021,0,14,3,//N,0.2728958,1997
1022,0,14,3,//N,0.10667269999999998,1998
1023,0,14,3,//N,0.0,1999
1024,0,14,3,//N,0.8684389000000001,2000
1025,0,14,3,//N,0.3727091,2001
1026,0,14,3,//N,0.0,2002
1027,0,14,3,//N,0.1200396,2003
1028,0,14,3,//N,0.0,2004
1029,0,14,3,//N,0.22772979999999998,2005
1030,0,14,3,//N,0.2305306,2006
1031,0,14,3,//N,0.0,2007
1032,0,14,3,//N,0.1095526,2008
1033,0,14,144,//N,0.7077919,1975
1034,0,14,144,//N,0.0978564,1976
1035,0,14,144,//N,0.149506,1977
1036,0,14,144,//N,0.3125211,1978
1037,0,14,144,//N,0.8183866,1979
1038,0,14,144,//N,0.23833510000000002,1980
1039,0,14,144,//N,0.38985990000000004,1981
1040,0,14,144,//N,0.163467,1982
1041,0,14,144,//N,0.8406773000000001,1983
1042,0,14,144,//N,0.0777531,1984
1043,0,14,144,//N,0.3022242,1985
1044,0,14,144,//N,0.1417636,1986
1045,0,14,144,//N,0.4320259,1987
1046,0,14,144,//N,0.4205076,1988
1047,0,14,144,//N,0.6937807,1989
1048,0,14,144,//N,0.0,1990
1049,0,14,144,//N,0.3930415,1991
1050,0,14,144,//N,0.0,1992
1051,0,14,144,//N,0.5150473,1993
1052,0,14,144,//N,0.1864735,1994
1053,0,14,144,//N,0.2397299,1995
1054,0,14,144,//N,0.0,1996
1055,0,14,144,//N,0.0,1997
1056,0,14,144,//N,0.0,1998
1057,0,14,144,//N,0.627984,1999
1058,0,14,144,//N,0.7434347,2000
1059,0,14,144,//N,0.9987738000000002,2001
1060,0,14,144,//N,2.015781,2002
1061,0,14,144,//N,0.7866702,2003
1062,0,14,144,//N,0.6028594,2004
1063,0,14,144,//N,0.1500435,2005
1064,0,14,144,//N,0.4931758,2006
1065,0,14,138,//N,0.5504306,1951
1066,0,14,138,//N,0.4922769,1952
1067,0,14,138,//N,0.5093173,1953
1068,0,14,138,//N,0.44534250000000003,1954
1069,0,14,138,//N,0.49778149999999993,1955
1070,0,14,138,//N,0.45411409999999997,1956
1071,0,14,138,//N,0.5169135,1957
1072,0,14,138,//N,0.5239829,1958
1073,0,14,138,//N,0.42111729999999997,1959
1074,0,14,138,//N,0.26299029999999995,1960
1075,0,14,138,//N,0.35240770000000005,1961
1076,0,14,138,//N,0.2952451,1962
1077,0,14,138,//N,0.3786828,1963
1078,0,14,138,//N,0.305748,1964
1079,0,14,138,//N,0.2757664,1965
1080,0,14,138,//N,0.21545370000000003,1966
1081,0,14,138,//N,0.3588437,1967
1082,0,14,138,//N,0.31538590000000005,1968
1083,0,14,138,//N,0.2443081,1969
1084,0,14,138,//N,0.3161575,1970
1085,0,14,138,//N,0.3688547,1971
1086,0,14,138,//N,0.2726587,1972
1087,0,14,138,//N,0.29640140000000004,1973
1088,0,14,138,//N,0.22185529999999998,1974
1089,0,14,138,//N,0.2103743,1975
1090,0,14,138,//N,0.1576662,1976
1091,0,14,138,//N,0.2937047,1977
1092,0,14,138,//N,0.3199245,1978
1093,0,14,138,//N,0.2509649,1979
1094,0,14,138,//N,0.34975959999999995,1980
1095,0,14,138,//N,0.1882718,1981
1096,0,14,138,//N,0.255382,1982
1097,0,14,138,//N,0.25112979999999996,1983
1098,0,14,138,//N,0.26985549999999997,1984
1099,0,14,138,//N,0.2813505,1985
1100,0,14,138,//N,0.20600079999999998,1986
1101,0,14,138,//N,0.1598083,1987
1102,0,14,138,//N,0.20930549999999998,1988
1103,0,14,138,//N,0.2451504,1989
1104,0,14,138,//N,0.3724274,1990
1105,0,14,138,//N,0.30021329999999996,1991
1106,0,14,138,//N,0.2413,1992
1107,0,14,138,//N,0.2463786,1993
1108,0,14,138,//N,0.11938330000000001,1994
1109,0,14,138,//N,0.2432703,1995
1110,0,14,138,//N,0.1343741,1996
1111,0,14,138,//N,0.17009129999999997,1997
1112,0,14,138,//N,0.11189669999999999,1998
1113,0,14,138,//N,0.23724510000000001,1999
1114,0,14,138,//N,0.161391,2000
1115,0,14,138,//N,0.13557629999999998,2001
1116,0,14,138,//N,0.1874017,2002
1117,0,14,138,//N,0.239127,2003
1118,0,14,138,//N,0.1739374,2006
1119,0,14,138,//N,0.1812086,2007
1120,0,14,97,//N,2.337539,1950
1121,0,14,97,//N,1.994489,1951
1122,0,14,97,//N,1.946977,1952
1123,0,14,97,//N,2.048225,1953
1124,0,14,97,//N,2.1220060000000003,1954
1125,0,14,97,//N,2.296576,1955
1126,0,14,97,//N,2.004009,1956
1127,0,14,97,//N,2.0869880000000003,1957
1128,0,14,97,//N,2.1193470000000003,1958
1129,0,14,97,//N,1.9946549999999998,1959
1130,0,14,97,//N,2.000495,1960
1131,0,14,97,//N,1.749983,1961
1132,0,14,97,//N,1.685903,1962
1133,0,14,97,//N,1.628539,1963
1134,0,14,97,//N,1.707271,1964
1135,0,14,97,//N,1.608166,1965
1136,0,14,97,//N,1.6962540000000002,1966
1137,0,14,97,//N,1.615133,1967
1138,0,14,97,//N,1.882481,1968
1139,0,14,97,//N,1.544734,1969
1140,0,14,97,//N,1.817761,1970
1141,0,14,97,//N,1.636973,1971
1142,0,14,97,//N,1.664137,1972
1143,0,14,97,//N,1.7065400000000002,1973
1144,0,14,97,//N,1.8951,1974
1145,0,14,97,//N,2.051725,1975
1146,0,14,97,//N,1.967683,1976
1147,0,14,97,//N,1.995934,1977
1148,0,14,97,//N,1.986722,1978
1149,0,14,97,//N,1.528942,1979
1150,0,14,97,//N,1.482409,1980
1151,0,14,97,//N,1.351748,1981
1152,0,14,97,//N,1.3620079999999999,1982
1153,0,14,97,//N,1.5607209999999998,1983
1154,0,14,97,//N,1.3650639999999998,1984
1155,0,14,97,//N,1.0543200000000001,1985
1156,0,14,97,//N,1.125145,1986
1157,0,14,97,//N,0.9945008,1987
1158,0,14,97,//N,1.041549,1988
1159,0,14,97,//N,0.9166411,1989
1160,0,14,97,//N,0.7525309,1990
1161,0,14,97,//N,0.6614857,1991
1162,0,14,97,//N,0.8769686999999999,1992
1163,0,14,97,//N,0.8229304000000001,1993
1164,0,14,97,//N,0.6963179,1994
1165,0,14,97,//N,0.5972887,1995
1166,0,14,97,//N,0.5895604,1996
1167,0,14,97,//N,0.6290743000000001,1997
1168,0,14,97,//N,0.7521587,1998
1169,0,14,97,//N,0.5429845,1999
1170,0,14,97,//N,0.5828186,2000
1171,0,14,97,//N,0.5741847,2001
1172,0,14,97,//N,0.5244156,2002
1173,0,14,97,//N,0.6424418000000001,2003
1174,0,14,97,//N,0.5092492000000001,2004
1175,0,14,97,//N,0.46360619999999997,2005
1176,0,14,97,//N,0.5313011,2006
1177,0,14,97,//N,0.3511366,2007
1178,0,14,97,//N,0.5174542999999999,2008
1179,0,14,25,//N,0.7718488,1981
1180,0,14,25,//N,0.8682989,1982
1181,0,14,25,//N,0.7740238,1985
1182,0,14,25,//N,0.8250825,1986
1183,0,14,25,//N,0.7516527,1987
1184,0,14,25,//N,0.7549682,1988
1185,0,14,25,//N,0.7485681,1989
1186,0,14,25,//N,0.7959069999999999,1990
1187,0,14,25,//N,0.7434675999999999,1991
1188,0,14,25,//N,1.1820540000000002,1992
1189,0,14,25,//N,1.024942,1993
1190,0,14,25,//N,1.386762,1994
1191,0,14,25,//N,1.045966,1995
1192,0,14,25,//N,0.9620366,1996
1193,0,14,25,//N,1.17172,1997
1194,0,14,25,//N,1.404884,1998
1195,0,14,25,//N,1.284378,1999
1196,0,14,25,//N,1.016449,2000
1197,0,14,25,//N,1.289421,2001
1198,0,14,25,//N,1.1288049999999998,2002
1199,0,14,25,//N,1.358739,2003
1200,0,14,25,//N,1.04587,2004
1201,0,14,25,//N,1.04296,2005
1202,0,14,25,//N,0.8413881999999999,2006
1203,0,14,25,//N,0.9912167,2007
1204,0,14,25,//N,0.6093954,2008
1205,0,14,207,//N,0.5074198000000001,1985
1206,0,14,207,//N,0.4536094,1986
1207,0,14,207,//N,0.43382170000000003,1987
1208,0,14,207,//N,0.3181114,1988
1209,0,14,207,//N,0.5171437,1989
1210,0,14,207,//N,0.551161,1990
1211,0,14,207,//N,0.4004083,1991
1212,0,14,207,//N,0.3830116,1992
1213,0,14,207,//N,0.7431118,1993
1214,0,14,207,//N,0.5212156,1994
1215,0,14,207,//N,0.5856975,1995
1216,0,14,207,//N,0.5430691,1996
1217,0,14,207,//N,0.7627588000000001,1997
1218,0,14,207,//N,0.9798275,1998
1219,0,14,207,//N,0.5337693,1999
1220,0,14,207,//N,0.743482,2000
1221,0,14,207,//N,0.7053347,2001
1222,0,14,207,//N,0.9335684000000001,2002
1223,0,14,207,//N,0.8267162,2003
1224,0,14,207,//N,0.9183714,2004
1225,0,14,207,//N,0.9181724,2005
1226,0,14,207,//N,0.6532184,2006
1227,0,14,39,//N,1.289981,1972
1228,0,14,39,//N,0.5196367999999999,1975
1229,0,14,39,//N,0.2832864,1976
1230,0,14,39,//N,0.66496,1977
1231,0,14,39,//N,0.1562876,1978
1232,0,14,39,//N,0.0,1979
1233,0,14,39,//N,0.1624808,1980
1234,0,14,39,//N,0.0,1981
1235,0,14,39,//N,0.0,1982
1236,0,14,39,//N,0.2063335,1983
1237,0,14,39,//N,0.8107674,1984
1238,0,14,39,//N,0.30033590000000004,1985
1239,0,14,39,//N,0.1530616,1986
1240,0,14,39,//N,0.2635322,1987
1241,0,14,39,//N,0.2529966,1993
1242,0,14,39,//N,0.1819955,1994
1243,0,14,39,//N,0.1751364,1995
1244,0,14,39,//N,0.1879835,1996
1245,0,14,39,//N,0.5506846,1997
1246,0,14,39,//N,0.3647672,1998
1247,0,14,39,//N,0.3517098,1999
1248,0,14,39,//N,0.500363,2000
1249,0,14,39,//N,0.6709397,2001
1250,0,14,39,//N,0.5546978,2002
1251,0,14,39,//N,0.0,2008
1252,0,14,40,//N,1.410125,1981
1253,0,14,40,//N,0.9545256999999999,1982
1254,0,14,40,//N,0.4427639,1985
1255,0,14,40,//N,0.7527738,1986
1256,0,14,40,//N,0.7785641999999999,1987
1257,0,14,40,//N,0.9518898000000001,1988
1258,0,14,40,//N,0.4082775,1989
1259,0,14,40,//N,1.3460940000000001,1990
1260,0,14,40,//N,0.5935989,1991
1261,0,14,40,//N,0.8660941999999999,1992
1262,0,14,40,//N,0.7037693,1993
1263,0,14,40,//N,0.37611059999999996,1994
1264,0,14,40,//N,0.3587593,1995
1265,0,14,40,//N,0.3633341,1996
1266,0,14,40,//N,0.48470820000000003,1997
1267,0,14,40,//N,0.36078259999999995,1998
1268,0,14,40,//N,0.7193115,1999
1269,0,14,40,//N,0.6916751,2000
1270,0,14,40,//N,0.6027624,2001
1271,0,14,40,//N,0.5957139,2002
1272,0,14,40,//N,0.6590843000000001,2003
1273,0,14,40,//N,0.3898423,2004
1274,0,14,40,//N,0.4885741,2005
1275,0,14,40,//N,0.4204818,2006
1276,0,14,40,//N,0.3302403,2007
1277,0,14,160,//N,0.9649771,1980
1278,0,14,160,//N,1.556969,1981
1279,0,14,160,//N,0.1894138,1982
1280,0,14,160,//N,1.654944,1983
1281,0,14,160,//N,1.102827,1984
1282,0,14,160,//N,1.433554,1985
1283,0,14,160,//N,0.5117645000000001,1986
1284,0,14,160,//N,0.353523,1987
1285,0,14,160,//N,1.5847129999999998,1988
1286,0,14,160,//N,1.0059280000000002,1989
1287,0,14,160,//N,0.541567,1990
1288,0,14,160,//N,0.5211154,1991
1289,0,14,160,//N,1.17013,1992
1290,0,14,160,//N,1.195326,1993
1291,0,14,160,//N,1.997327,1994
1292,0,14,160,//N,1.115384,1995
1293,0,14,160,//N,1.907725,1996
1294,0,14,160,//N,5.846284,1997
1295,0,14,160,//N,0.5129607,1998
1296,0,14,160,//N,1.77289,1999
1297,0,14,160,//N,2.012104,2000
1298,0,14,160,//N,2.1325220000000003,2001
1299,0,14,160,//N,1.78574,2002
1300,0,14,160,//N,1.026743,2003
1301,0,14,160,//N,0.8938700999999999,2004
1302,0,14,160,//N,1.3349469999999999,2005
1303,0,14,160,//N,1.2277799999999999,2006
1304,0,14,160,//N,0.8985204,2007
1305,0,14,160,//N,0.32573850000000004,2008
1306,0,14,16,//N,0.7691965999999999,1981
1307,0,14,16,//N,1.4088690000000001,1982
1308,0,14,16,//N,1.457333,1985
1309,0,14,16,//N,1.694205,1986
1310,0,14,16,//N,0.701929,1987
1311,0,14,16,//N,0.4762845,1988
1312,0,14,16,//N,1.101351,1989
1313,0,14,16,//N,0.36118920000000004,1990
1314,0,14,16,//N,0.6186936,1991
1315,0,14,16,//N,1.3446770000000001,1992
1316,0,14,16,//N,0.7383702,1993
1317,0,14,16,//N,1.4891860000000001,1994
1318,0,14,16,//N,1.6466740000000002,1995
1319,0,14,16,//N,1.384059,1996
1320,0,14,16,//N,1.807072,1997
1321,0,14,16,//N,2.0656369999999997,1998
1322,0,14,16,//N,2.044521,1999
1323,0,14,16,//N,1.2205139999999999,2000
1324,0,14,16,//N,0.45768420000000004,2001
1325,0,14,16,//N,1.702598,2002
1326,0,14,16,//N,0.231276,2003
1327,0,14,16,//N,1.029309,2004
1328,0,14,16,//N,0.7374468000000001,2005
1329,0,14,16,//N,0.8335931000000001,2006
1330,0,14,16,//N,0.3567453,2007
1331,0,14,16,//N,0.1695574,2008
1332,0,14,103,//N,0.2057045,1991
1333,0,14,103,//N,0.20857489999999998,1992
1334,0,14,103,//N,0.6055763000000001,1993
1335,0,14,103,//N,0.19588770000000003,1994
1336,0,14,103,//N,0.0,1995
1337,0,14,103,//N,0.4037397,1996
1338,0,14,103,//N,0.19812979999999997,1997
1339,0,14,103,//N,0.19869170000000003,1998
1340,0,14,103,//N,0.41693990000000003,1999
1341,0,14,103,//N,0.21709970000000003,2000
1342,0,14,103,//N,0.4092421,2001
1343,0,14,103,//N,0.0,2002
1344,0,14,103,//N,0.48114140000000005,2003
1345,0,14,175,//N,0.0,1961
1346,0,14,175,//N,0.3573378,1962
1347,0,14,175,//N,0.3425995,1963
1348,0,14,175,//N,0.0,1964
1349,0,14,175,//N,0.0,1965
1350,0,14,175,//N,0.5722976,1966
1351,0,14,175,//N,0.0,1967
1352,0,14,175,//N,0.29025209999999996,1968
1353,0,14,175,//N,0.6234502,1969
1354,0,14,175,//N,0.0,1970
1355,0,14,175,//N,0.0,1971
1356,0,14,175,//N,0.0,1972
1357,0,14,175,//N,1.3136219999999998,1973
1358,0,14,175,//N,0.33673559999999997,1974
1359,0,14,175,//N,0.6331573,1975
1360,0,14,175,//N,0.0,1976
1361,0,14,175,//N,0.0,1977
1362,0,14,175,//N,0.284758,1978
1363,0,14,175,//N,0.0,1979
1364,0,14,175,//N,0.3094031,1980
1365,0,14,175,//N,0.0,1981
1366,0,14,175,//N,0.3168376,1982
1367,0,14,175,//N,0.0,1983
1368,0,14,175,//N,0.0,1984
1369,0,14,175,//N,0.3010314,1985
1370,0,14,175,//N,0.0,1986
1371,0,14,175,//N,1.081021,1987
1372,0,14,175,//N,0.6160263000000001,1988
1373,0,14,175,//N,2.061092,1989
1374,0,14,175,//N,0.33673559999999997,1990
1375,0,14,175,//N,1.383564,1991
1376,0,14,175,//N,1.2789780000000002,1992
1377,0,14,175,//N,0.9127535,1993
1378,0,14,175,//N,0.6526774999999999,1994
1379,0,14,175,//N,0.3400209,1995
1380,0,14,175,//N,1.397832,1996
1381,0,14,175,//N,0.0,1997
1382,0,14,175,//N,1.042366,1998
1383,0,14,175,//N,1.7528,1999
1384,0,14,175,//N,0.7079449000000001,2000
1385,0,14,175,//N,0.0,2001
1386,0,14,175,//N,1.003557,2002
1387,0,14,175,//N,1.066022,2003
1388,0,14,175,//N,0.0,2004
1389,0,14,175,//N,2.133521,2005
1390,0,14,175,//N,1.509384,2006
1391,0,14,175,//N,1.239744,2007
1392,0,14,175,//N,1.541304,2008
1393,0,14,11,//N,2.669909,1955
1394,0,14,11,//N,2.206254,1956
1395,0,14,11,//N,2.3856450000000002,1957
1396,0,14,11,//N,2.43942,1958
1397,0,14,11,//N,2.298985,1959
1398,0,14,11,//N,2.263318,1960
1399,0,14,11,//N,2.315757,1961
1400,0,14,11,//N,2.362141,1962
1401,0,14,11,//N,1.6872470000000002,1963
1402,0,14,11,//N,1.979513,1964
1403,0,14,11,//N,1.730761,1965
1404,0,14,11,//N,1.526358,1966
1405,0,14,11,//N,1.7916009999999998,1967
1406,0,14,11,//N,1.758023,1968
1407,0,14,11,//N,0.5766534000000001,1969
1408,0,14,11,//N,1.259677,1970
1409,0,14,11,//N,1.211668,1971
1410,0,14,11,//N,1.1737229999999998,1972
1411,0,14,11,//N,0.9350122,1973
1412,0,14,11,//N,1.842618,1974
1413,0,14,11,//N,1.7634729999999998,1975
1414,0,14,11,//N,2.013446,1976
1415,0,14,11,//N,1.807162,1977
1416,0,14,11,//N,1.587721,1978
1417,0,14,11,//N,1.693136,1979
1418,0,14,11,//N,1.7474610000000002,1980
1419,0,14,11,//N,1.7638919999999998,1981
1420,0,14,11,//N,1.748463,1982
1421,0,14,11,//N,1.612025,1983
1422,0,14,11,//N,1.790672,1984
1423,0,14,11,//N,1.863162,1985
1424,0,14,11,//N,1.793047,1986
1425,0,14,11,//N,2.000203,1987
1426,0,14,11,//N,2.394677,1988
1427,0,14,11,//N,2.5965990000000003,1989
1428,0,14,11,//N,2.449884,1990
1429,0,14,11,//N,2.552325,1991
1430,0,14,11,//N,2.324764,1992
1431,0,14,11,//N,2.222498,1993
1432,0,14,11,//N,2.204481,1994
1433,0,14,11,//N,2.067589,1995
1434,0,14,11,//N,1.9672150000000002,1996
1435,0,14,11,//N,1.706659,1997
1436,0,14,11,//N,1.808903,1998
1437,0,14,11,//N,1.780382,1999
1438,0,14,11,//N,1.493762,2000
1439,0,14,11,//N,1.555303,2001
1440,0,14,11,//N,1.361817,2002
1441,0,14,11,//N,1.2696040000000002,2003
1442,0,14,11,//N,1.1564709999999998,2004
1443,0,14,11,//N,1.396576,2005
1444,0,14,11,//N,1.294151,2006
1445,0,14,11,//N,0.9470904,2007
1446,0,14,186,//N,1.260581,1981
1447,0,14,186,//N,1.4966760000000001,1982
1448,0,14,186,//N,1.7921630000000002,1985
1449,0,14,186,//N,1.151626,1986
1450,0,14,186,//N,0.8456759,1987
1451,0,14,186,//N,1.527083,1988
1452,0,14,186,//N,1.075821,1989
1453,0,14,186,//N,1.143943,1990
1454,0,14,186,//N,1.003262,1991
1455,0,14,186,//N,1.958063,1992
1456,0,14,186,//N,1.934459,1993
1457,0,14,186,//N,1.809384,1994
1458,0,14,186,//N,2.236609,1995
1459,0,14,186,//N,2.606451,1996
1460,0,14,186,//N,1.469911,1997
1461,0,14,186,//N,2.2813380000000003,1998
1462,0,14,186,//N,2.481268,1999
1463,0,14,186,//N,2.351537,2000
1464,0,14,186,//N,1.7344490000000001,2001
1465,0,14,186,//N,0.8173315999999999,2002
1466,0,14,186,//N,1.08092,2003
1467,0,14,186,//N,0.7447859,2004
1468,0,14,186,//N,0.8615275,2005
1469,0,14,186,//N,0.7406036,2006
1470,0,14,186,//N,0.6604348000000001,2007
1471,0,14,186,//N,0.4960308,2008
1472,0,14,27,//N,0.1549004,1950
1473,0,14,27,//N,0.2249658,1951
1474,0,14,27,//N,0.25378310000000004,1952
1475,0,14,27,//N,0.2470098,1953
1476,0,14,27,//N,0.24526929999999997,1954
1477,0,14,27,//N,0.21787759999999998,1955
1478,0,14,27,//N,0.0282457,1956
1479,0,14,27,//N,0.2746327,1957
1480,0,14,27,//N,0.2395368,1958
1481,0,14,27,//N,0.2948028,1959
1482,0,14,27,//N,0.3231757,1960
1483,0,14,27,//N,0.2349404,1961
1484,0,14,27,//N,0.1146474,1962
1485,0,14,27,//N,0.17113789999999998,1963
1486,0,14,27,//N,0.37226079999999995,1964
1487,0,14,27,//N,0.1983314,1965
1488,0,14,27,//N,0.34208979999999994,1966
1489,0,14,27,//N,0.1743013,1967
1490,0,14,27,//N,0.3147566,1968
1491,0,14,27,//N,0.4287156,1969
1492,0,14,27,//N,0.2286889,1970
1493,0,14,27,//N,0.3195665,1971
1494,0,14,27,//N,0.34301240000000005,1972
1495,0,14,27,//N,0.2229762,1973
1496,0,14,27,//N,0.3819605,1974
1497,0,14,27,//N,0.32626409999999995,1975
1498,0,14,27,//N,0.3842691,1976
1499,0,14,27,//N,0.7238956999999999,1977
1500,0,14,27,//N,0.4188454000000001,1978
1501,0,14,27,//N,0.5564113,1979
1502,0,14,27,//N,0.3365305,1980
1503,0,14,27,//N,0.3270223,1981
1504,0,14,27,//N,0.18623810000000002,1982
1505,0,14,27,//N,0.4851008,1983
1506,0,14,27,//N,0.48316220000000004,1984
1507,0,14,27,//N,0.53805,1985
1508,0,14,27,//N,0.3006043,1986
1509,0,14,27,//N,0.301147,1987
1510,0,14,27,//N,0.6333458000000001,1988
1511,0,14,27,//N,0.18398470000000003,1989
1512,0,14,27,//N,0.47104399999999996,1990
1513,0,14,27,//N,0.4329929,1991
1514,0,14,27,//N,0.5712010000000001,1992
1515,0,14,27,//N,0.42666459999999995,1993
1516,0,14,27,//N,0.315981,1994
1517,0,14,27,//N,0.28383759999999997,1995
1518,0,14,27,//N,0.6663102,1996
1519,0,14,27,//N,0.7654033,1997
1520,0,14,27,//N,0.3815342,1998
1521,0,14,27,//N,0.44307349999999995,1999
1522,0,14,27,//N,0.2368849,2000
1523,0,14,27,//N,0.3376833,2001
1524,0,14,27,//N,0.6385929,2002
1525,0,14,27,//N,0.5043920000000001,2003
1526,0,14,27,//N,0.40472290000000005,2004
1527,0,14,27,//N,0.7160426,2005
1528,0,14,27,//N,0.5966722,2006
1529,0,14,27,//N,0.5700359,2007
1530,0,14,27,//N,0.4690504,2008
1531,0,14,99,//N,0.8079932,1950
1532,0,14,99,//N,0.1430418,1951
1533,0,14,99,//N,0.28457059999999995,1952
1534,0,14,99,//N,0.572758,1953
1535,0,14,99,//N,0.134305,1954
1536,0,14,99,//N,0.536944,1955
1537,0,14,99,//N,0.6494838000000001,1956
1538,0,14,99,//N,0.7657406999999999,1957
1539,0,14,99,//N,0.9129253,1958
1540,0,14,99,//N,1.017991,1959
1541,0,14,99,//N,1.106393,1960
1542,0,14,99,//N,0.7243328,1961
1543,0,14,99,//N,0.44855959999999995,1962
1544,0,14,99,//N,0.3306779,1963
1545,0,14,99,//N,1.4276010000000001,1964
1546,0,14,99,//N,1.200704,1965
1547,0,14,99,//N,0.8060482,1966
1548,0,14,99,//N,0.9967068000000001,1967
1549,0,14,99,//N,0.9056748,1968
1550,0,14,99,//N,1.132927,1969
1551,0,14,99,//N,1.584989,1970
1552,0,14,99,//N,0.22588870000000003,1971
1553,0,14,99,//N,0.9829247999999999,1972
1554,0,14,99,//N,0.7808415,1973
1555,0,14,99,//N,0.8813213,1974
1556,0,14,99,//N,0.643845,1975
1557,0,14,99,//N,1.357583,1976
1558,0,14,99,//N,2.3187759999999997,1977
1559,0,14,99,//N,1.515974,1978
1560,0,14,99,//N,1.115804,1979
1561,0,14,99,//N,0.8794103999999999,1980
1562,0,14,99,//N,0.7951381,1981
1563,0,14,99,//N,0.8061425,1982
1564,0,14,99,//N,0.6806458000000001,1983
1565,0,14,99,//N,0.9331052,1984
1566,0,14,99,//N,0.2397676,1985
1567,0,14,99,//N,1.858684,1986
1568,0,14,99,//N,1.039898,1987
1569,0,14,99,//N,1.2557639999999999,1988
1570,0,14,99,//N,1.135315,1989
1571,0,14,99,//N,1.0377370000000001,1990
1572,0,14,99,//N,0.8424658000000002,1991
1573,0,14,99,//N,1.7012470000000002,1992
1574,0,14,99,//N,0.9559565000000001,1993
1575,0,14,99,//N,1.576769,1994
1576,0,14,99,//N,0.9644881,1995
1577,0,14,99,//N,0.8347324,1996
1578,0,14,99,//N,1.418202,1997
1579,0,14,99,//N,1.167904,1998
1580,0,14,99,//N,1.291074,1999
1581,0,14,99,//N,1.16373,2000
1582,0,14,99,//N,0.9324165999999999,2001
1583,0,14,99,//N,0.9436836999999999,2002
1584,0,14,99,//N,0.23349050000000002,2003
1585,0,14,99,//N,1.0569629999999999,2004
1586,0,14,99,//N,1.1416709999999999,2005
1587,0,14,99,//N,0.9331804,2006
1588,0,14,107,//N,0.4682840999999999,1951
1589,0,14,107,//N,0.2578707,1952
1590,0,14,107,//N,0.1109075,1953
1591,0,14,107,//N,0.1127901,1954
1592,0,14,107,//N,0.1112744,1955
1593,0,14,107,//N,0.44258509999999995,1956
1594,0,14,107,//N,0.7761238,1957
1595,0,14,107,//N,0.10888769999999999,1958
1596,0,14,107,//N,0.3183317,1959
1597,0,14,107,//N,0.4400379,1960
1598,0,14,107,//N,0.21956509999999999,1961
1599,0,14,107,//N,0.22124560000000001,1962
1600,0,14,107,//N,0.4347629,1963
1601,0,14,107,//N,0.3297718,1964
1602,0,14,107,//N,0.7566301999999999,1965
1603,0,14,107,//N,0.0,1966
1604,0,14,107,//N,0.42349040000000004,1967
1605,0,14,107,//N,0.640799,1968
1606,0,14,107,//N,0.32262490000000005,1969
1607,0,14,107,//N,0.5194914,1970
1608,0,14,107,//N,0.312181,1971
1609,0,14,107,//N,0.2056107,1972
1610,0,14,107,//N,0.3307751,1973
1611,0,14,107,//N,0.10657660000000001,1974
1612,0,14,107,//N,0.2264377,1975
1613,0,14,107,//N,0.45978679999999994,1976
1614,0,14,107,//N,0.2026591,1977
1615,0,14,107,//N,0.1364076,1978
1616,0,14,107,//N,0.49947890000000006,1979
1617,0,14,107,//N,0.32583909999999994,1980
1618,0,14,107,//N,0.8048163,1981
1619,0,14,107,//N,0.5362866999999999,1982
1620,0,14,107,//N,0.5118884,1983
1621,0,14,107,//N,0.2628676,1984
1622,0,14,107,//N,0.6607049,1985
1623,0,14,107,//N,0.891928,1986
1624,0,14,107,//N,0.357082,1987
1625,0,14,107,//N,0.1172951,1988
1626,0,14,107,//N,0.11997290000000001,1989
1627,0,14,107,//N,0.37333190000000005,1990
1628,0,14,107,//N,0.5942705,1991
1629,0,14,107,//N,0.4823933,1992
1630,0,14,107,//N,0.37471,1993
1631,0,14,107,//N,0.12071869999999998,1994
1632,0,14,107,//N,0.0,1995
1633,0,14,107,//N,0.5904767,1996
1634,0,14,107,//N,0.456078,1997
1635,0,14,107,//N,0.110543,1998
1636,0,14,107,//N,0.47354700000000005,1999
1637,0,14,107,//N,0.7768158000000001,2000
1638,0,14,107,//N,0.44778320000000005,2001
1639,0,14,107,//N,0.43073729999999993,2002
1640,0,14,107,//N,0.706939,2003
1641,0,14,107,//N,0.1226173,2004
1642,0,14,107,//N,0.0,2005
1643,0,14,107,//N,0.6727079,2006
1644,0,14,107,//N,0.430432,2007
1645,0,14,9,//N,0.3668627,1984
1646,0,14,9,//N,0.2494948,1985
1647,0,14,9,//N,0.9573261999999999,1986
1648,0,14,9,//N,0.8322646999999999,1987
1649,0,14,9,//N,0.9349052,1988
1650,0,14,9,//N,0.5717055,1989
1651,0,14,9,//N,0.5520392,1996
1652,0,14,9,//N,1.4270209999999999,1997
1653,0,14,9,//N,1.087683,1998
1654,0,14,9,//N,0.31948200000000004,1999
1655,0,14,9,//N,0.9478108000000001,2000
1656,0,14,9,//N,0.5290511999999999,2001
1657,0,14,9,//N,0.6286748000000001,2002
1658,0,14,9,//N,1.848253,2003
1659,0,14,9,//N,1.139509,2004
1660,0,14,9,//N,0.6955972,2006
1661,0,14,164,//N,0.48041819999999996,1994
1662,0,14,164,//N,0.5926658,1995
1663,0,14,164,//N,0.7105878999999999,1996
1664,0,14,164,//N,0.6176862,1997
1665,0,14,164,//N,0.6484017,1998
1666,0,14,164,//N,0.5467065999999999,1999
1667,0,14,164,//N,0.485458,2000
1668,0,14,164,//N,0.631089,2001
1669,0,14,164,//N,0.3840514,2002
1670,0,14,164,//N,0.8145901,2003
1671,0,14,164,//N,0.7681661999999999,2004
1672,0,14,164,//N,0.9173555,2005
1673,0,14,164,//N,1.442783,2006
1674,0,14,130,//N,0.0615621,1992
1675,0,14,130,//N,0.48129809999999995,1993
1676,0,14,130,//N,0.7476010000000001,1997
1677,0,14,130,//N,0.7977285,1998
1678,0,14,130,//N,0.7107148,1999
1679,0,14,130,//N,0.6911491,2000
1680,0,14,130,//N,0.7000995,2001
1681,0,14,130,//N,0.8764843000000001,2002
1682,0,14,130,//N,0.6856934,2003
1683,0,14,134,//N,0.4139291,1959
1684,0,14,134,//N,0.359313,1960
1685,0,14,134,//N,0.37252140000000006,1961
1686,0,14,134,//N,0.4464659000000001,1962
1687,0,14,134,//N,0.256191,1963
1688,0,14,134,//N,0.2917285,1964
1689,0,14,134,//N,0.34096350000000003,1965
1690,0,14,134,//N,0.4016004,1966
1691,0,14,134,//N,0.24685210000000002,1967
1692,0,14,134,//N,0.3394482,1968
1693,0,14,134,//N,0.3523843,1969
1694,0,14,134,//N,0.4369679,1970
1695,0,14,134,//N,0.5620359,1971
1696,0,14,134,//N,0.3209755,1972
1697,0,14,134,//N,0.3944207,1973
1698,0,14,134,//N,0.536651,1974
1699,0,14,134,//N,0.4375294,1975
1700,0,14,134,//N,0.3495792,1976
1701,0,14,134,//N,0.3406402,1977
1702,0,14,134,//N,0.3074986,1978
1703,0,14,134,//N,0.3199833,1979
1704,0,14,134,//N,0.3418921,1983
1705,0,14,134,//N,0.44301199999999996,1984
1706,0,14,134,//N,0.3497514,1985
1707,0,14,134,//N,0.4699927,1986
1708,0,14,134,//N,0.355356,1987
1709,0,14,134,//N,0.4375952,1988
1710,0,14,134,//N,0.42118540000000004,1989
1711,0,14,134,//N,0.7376909,1990
1712,0,14,134,//N,0.4766242,1991
1713,0,14,134,//N,0.49761990000000006,1992
1714,0,14,134,//N,0.4259272,1993
1715,0,14,134,//N,0.48111459999999995,1994
1716,0,14,134,//N,0.5399149999999999,1995
1717,0,14,134,//N,0.5753853,1996
1718,0,14,134,//N,0.6021348000000001,1999
1719,0,14,134,//N,0.43886970000000003,2000
1720,0,14,134,//N,0.424379,2001
1721,0,14,134,//N,0.4389491,2002
1722,0,14,134,//N,0.4512393,2003
1723,0,14,134,//N,0.3033474,2004
1724,0,14,134,//N,0.34555050000000004,2005
1725,0,14,134,//N,0.2744513,2006
1726,0,14,134,//N,0.30684459999999997,2007
1727,0,14,134,//N,0.25693879999999997,2008
1728,0,14,142,//N,0.35810929999999996,1955
1729,0,14,142,//N,0.42107849999999997,1956
1730,0,14,142,//N,0.25878829999999997,1957
1731,0,14,142,//N,0.32622929999999994,1958
1732,0,14,142,//N,0.10991980000000001,1959
1733,0,14,142,//N,0.267327,1960
1734,0,14,142,//N,0.3124225,1961
1735,0,14,142,//N,0.24207440000000002,1962
1736,0,14,142,//N,0.3624692,1963
1737,0,14,142,//N,0.1932764,1964
1738,0,14,142,//N,0.2570592,1965
1739,0,14,142,//N,0.2515868,1966
1740,0,14,142,//N,0.3313317,1967
1741,0,14,142,//N,0.2706795,1968
1742,0,14,142,//N,0.19413629999999998,1969
1743,0,14,142,//N,0.2666854,1970
1744,0,14,142,//N,0.31999240000000007,1971
1745,0,14,142,//N,0.34627859999999994,1972
1746,0,14,142,//N,0.1654645,1973
1747,0,14,142,//N,0.2468447,1974
1748,0,14,142,//N,0.19395710000000002,1975
1749,0,14,142,//N,0.29522009999999993,1976
1750,0,14,142,//N,0.40028020000000003,1977
1751,0,14,142,//N,0.34257009999999993,1978
1752,0,14,142,//N,0.3677404,1979
1753,0,14,142,//N,0.2510519,1980
1754,0,14,142,//N,0.1156454,1981
1755,0,14,142,//N,0.1324412,1982
1756,0,14,142,//N,0.21904920000000003,1983
1757,0,14,142,//N,0.4524827,1984
1758,0,14,142,//N,0.2276662,1985
1759,0,14,142,//N,0.4413829000000001,1986
1760,0,14,142,//N,0.3446241,1987
1761,0,14,142,//N,0.3694815,1988
1762,0,14,142,//N,0.5804765000000001,1989
1763,0,14,142,//N,0.7065471,1990
1764,0,14,142,//N,0.5287755000000001,1991
1765,0,14,142,//N,0.6727420000000001,1992
1766,0,14,142,//N,0.41267420000000005,1993
1767,0,14,142,//N,0.2302231,1994
1768,0,14,142,//N,0.7501842,1995
1769,0,14,142,//N,0.2770388,1996
1770,0,14,142,//N,0.2404886,1997
1771,0,14,142,//N,0.44192170000000003,1998
1772,0,14,142,//N,0.4952218,1999
1773,0,14,142,//N,0.2502618,2000
1774,0,14,142,//N,0.251499,2001
1775,0,14,142,//N,0.0,2002
1776,0,14,142,//N,0.4224884,2003
1777,0,14,152,//N,0.8355858,1989
1778,0,14,152,//N,1.024561,1990
1779,0,14,152,//N,0.5005069000000001,1991
1780,0,14,152,//N,0.6277782,1992
1781,0,14,152,//N,0.6467350000000001,1993
1782,0,14,152,//N,0.8164734,1994
1783,0,14,152,//N,0.8610107,1995
1784,0,14,152,//N,0.7314799,1996
1785,0,14,152,//N,1.028368,1997
1786,0,14,152,//N,0.8665216999999998,1998
1787,0,14,152,//N,0.9913789000000001,1999
1788,0,14,152,//N,0.9579915999999999,2000
1789,0,14,152,//N,0.9013021000000001,2001
1790,0,14,152,//N,0.8427444,2002
1791,0,14,152,//N,0.9792293,2003
1792,0,14,152,//N,0.6456174,2004
1793,0,14,152,//N,0.7749395,2005
1794,0,14,152,//N,0.3019182,2006
1795,0,14,152,//N,0.3432401,2007
1796,0,14,152,//N,0.6254196999999999,2008
1797,0,14,184,//N,1.327809,1980
1798,0,14,184,//N,1.503384,1981
1799,0,14,184,//N,1.341768,1982
1800,0,14,184,//N,1.0980299999999998,1985
1801,0,14,184,//N,1.013837,1986
1802,0,14,184,//N,0.9194226000000001,1987
1803,0,14,184,//N,1.040375,1988
1804,0,14,184,//N,1.1218920000000001,1989
1805,0,14,184,//N,1.1557309999999998,1990
1806,0,14,184,//N,1.148147,1991
1807,0,14,184,//N,1.4626569999999999,1992
1808,0,14,184,//N,2.102414,1993
1809,0,14,184,//N,2.038027,1994
1810,0,14,184,//N,2.049481,1995
1811,0,14,184,//N,1.825495,1996
1812,0,14,184,//N,2.031909,1997
1813,0,14,184,//N,1.8571790000000001,1998
1814,0,14,184,//N,2.478223,1999
1815,0,14,184,//N,2.464245,2000
1816,0,14,184,//N,2.477102,2001
1817,0,14,184,//N,2.084,2002
1818,0,14,184,//N,2.1539669999999997,2003
1819,0,14,184,//N,1.9938150000000001,2004
1820,0,14,184,//N,1.7563849999999999,2005
1821,0,14,184,//N,1.5275370000000001,2006
1822,0,14,208,//N,0.3008031,1998
1823,0,14,208,//N,0.6111444,1999
1824,0,14,208,//N,0.0719671,2000
1825,0,14,208,//N,0.7885340999999999,2001
1826,0,14,208,//N,0.5912375,2002
1827,0,14,208,//N,0.7261681,2003
1828,0,14,208,//N,0.1781943,2004
1829,0,14,208,//N,0.5781893,2005
1830,0,14,208,//N,0.2915258,2006
1831,0,14,208,//N,0.47258429999999996,2007
1832,0,14,208,//N,0.3601523,2008
1833,0,14,172,//N,0.0,1963
1834,0,14,172,//N,0.0,1964
1835,0,14,172,//N,0.11416649999999999,1965
1836,0,14,172,//N,0.2420284,1966
1837,0,14,172,//N,0.4182255999999999,1967
1838,0,14,172,//N,0.1200787,1968
1839,0,14,172,//N,0.8415085999999999,1969
1840,0,14,172,//N,0.5949201999999999,1970
1841,0,14,172,//N,0.8287017,1971
1842,0,14,172,//N,0.26417199999999996,1972
1843,0,14,172,//N,0.4065844,1973
1844,0,14,172,//N,0.26336149999999997,1974
1845,0,14,172,//N,0.29607649999999996,1975
1846,0,14,172,//N,0.3177178,1976
1847,0,14,172,//N,0.6110025,1977
1848,0,14,172,//N,0.1658155,1978
1849,0,14,172,//N,1.374814,1979
1850,0,14,172,//N,0.65858,1980
1851,0,14,172,//N,1.559005,1981
1852,0,14,172,//N,0.6442559,1982
1853,0,14,172,//N,1.158499,1983
1854,0,14,172,//N,1.3319889999999999,1984
1855,0,14,172,//N,0.5211838,1985
1856,0,14,172,//N,1.208539,1986
1857,0,14,172,//N,0.8138342,1987
1858,0,14,172,//N,0.9946284,1988
1859,0,14,172,//N,1.884686,1989
1860,0,14,172,//N,0.29916,1990
1861,0,14,172,//N,1.353568,1991
1862,0,14,172,//N,0.4697077,1992
1863,0,14,172,//N,0.7044762,1993
1864,0,14,172,//N,0.43080340000000006,1994
1865,0,14,172,//N,1.295212,1995
1866,0,14,172,//N,0.13554739999999998,1996
1867,0,14,172,//N,0.1361648,1997
1868,0,14,172,//N,0.0,1998
1869,0,14,172,//N,0.5409834,1999
1870,0,14,172,//N,0.5820693,2000
1871,0,14,172,//N,0.1667566,2001
1872,0,14,172,//N,0.4474416,2002
1873,0,14,172,//N,0.4689968,2003
1874,0,14,172,//N,0.7675092,2004
1875,0,14,172,//N,0.28650929999999997,2005
1876,0,14,35,//N,0.39903,1992
1877,0,14,35,//N,0.6882156,1993
1878,0,14,35,//N,0.37091599999999997,1994
1879,0,14,35,//N,0.7953748,1995
1880,0,14,35,//N,0.4015545,1996
1881,0,14,35,//N,0.5302896,1997
1882,0,14,35,//N,0.31416809999999995,1998
1883,0,14,35,//N,0.0789476,1999
1884,0,14,35,//N,0.3805519,2000
1885,0,14,35,//N,0.5118064999999999,2001
1886,0,14,35,//N,0.8512223,2002
1887,0,14,35,//N,0.7978682,2003
1888,0,14,35,//N,0.8790064000000001,2004
1889,0,14,35,//N,0.3629821,2005
1890,0,14,46,//N,0.515159,1985
1891,0,14,46,//N,0.8059354000000001,1986
1892,0,14,46,//N,0.0,1987
1893,0,14,46,//N,1.027207,1988
1894,0,14,46,//N,0.8280211999999999,1989
1895,0,14,46,//N,1.208684,1990
1896,0,14,46,//N,0.2796898,1991
1897,0,14,46,//N,0.2927764,1992
1898,0,14,46,//N,0.7120406,1993
1899,0,14,46,//N,1.6735630000000001,1994
1900,0,14,46,//N,1.4050850000000001,1995
1901,0,14,46,//N,1.337669,1996
1902,0,14,46,//N,0.37677990000000006,1997
1903,0,14,46,//N,0.39831009999999994,1998
1904,0,14,46,//N,0.39831009999999994,1999
1905,0,14,46,//N,0.32754340000000004,2000
1906,0,14,46,//N,0.0,2001
1907,0,14,46,//N,0.5691859,2002
1908,0,14,46,//N,1.021264,2003
1909,0,14,46,//N,0.3961821,2004
1910,0,14,46,//N,0.3194494,2005
1911,0,14,46,//N,0.0,2006
1912,0,14,46,//N,0.0,2007
1913,0,14,46,//N,0.0,2008
1914,0,14,104,//N,0.0663273,1951
1915,0,14,104,//N,0.079419,1952
1916,0,14,104,//N,0.026386,1953
1917,0,14,104,//N,0.08646960000000001,1954
1918,0,14,104,//N,0.0898679,1955
1919,0,14,104,//N,0.14733339999999998,1956
1920,0,14,104,//N,0.22395140000000002,1957
1921,0,14,104,//N,0.0469518,1958
1922,0,14,104,//N,0.0224852,1959
1923,0,14,104,//N,0.0125389,1960
1924,0,14,104,//N,0.0,1961
1925,0,14,104,//N,0.0,1962
1926,0,14,104,//N,0.0,1963
1927,0,14,104,//N,0.0,1964
1928,0,14,104,//N,0.0653619,1965
1929,0,14,104,//N,0.0,1966
1930,0,14,104,//N,0.0,1967
1931,0,14,104,//N,0.0113848,1968
1932,0,14,104,//N,0.0988615,1969
1933,0,14,104,//N,0.12167,1970
1934,0,14,104,//N,0.1365738,1971
1935,0,14,104,//N,0.0951728,1972
1936,0,14,104,//N,0.0321354,1973
1937,0,14,104,//N,0.1143887,1974
1938,0,14,104,//N,0.28014179999999994,1975
1939,0,14,104,//N,0.0825182,1976
1940,0,14,104,//N,0.12367639999999999,1977
1941,0,14,104,//N,0.1239394,1978
1942,0,14,104,//N,0.191486,1979
1943,0,14,104,//N,0.1261001,1980
1944,0,14,104,//N,0.13119489999999998,1981
1945,0,14,104,//N,0.1424788,1982
1946,0,14,104,//N,0.139454,1983
1947,0,14,104,//N,0.16024170000000001,1984
1948,0,14,104,//N,0.1813961,1985
1949,0,14,104,//N,0.1993174,1986
1950,0,14,104,//N,0.2875659,1987
1951,0,14,104,//N,0.0875484,1988
1952,0,14,104,//N,0.1763275,1989
1953,0,14,104,//N,0.23305189999999998,1990
1954,0,14,104,//N,0.18482089999999998,1991
1955,0,14,104,//N,0.1494107,1992
1956,0,14,104,//N,0.19513139999999998,1993
1957,0,14,104,//N,0.08409019999999999,1994
1958,0,14,104,//N,0.033493,1995
1959,0,14,104,//N,0.1842486,1996
1960,0,14,104,//N,0.1216424,1997
1961,0,14,104,//N,0.1007122,1998
1962,0,14,104,//N,0.15380270000000001,1999
1963,0,14,104,//N,0.1413933,2000
1964,0,14,104,//N,0.1553451,2001
1965,0,14,104,//N,0.2203099,2002
1966,0,14,104,//N,0.08206469999999999,2003
1967,0,14,104,//N,0.2905124,2004
1968,0,14,104,//N,0.1582085,2005
1969,0,14,202,//N,0.8010162,1950
1970,0,14,202,//N,0.7863210999999999,1951
1971,0,14,202,//N,0.8309084999999999,1952
1972,0,14,202,//N,0.7755107,1953
1973,0,14,202,//N,0.754789,1954
1974,0,14,202,//N,0.8364115,1955
1975,0,14,202,//N,0.7181108,1956
1976,0,14,202,//N,0.5213058,1957
1977,0,14,202,//N,0.7266353,1958
1978,0,14,202,//N,0.6109441999999999,1959
1979,0,14,202,//N,0.6125274,1960
1980,0,14,202,//N,0.14686359999999998,1961
1981,0,14,202,//N,0.3865885,1962
1982,0,14,202,//N,0.6133590999999999,1963
1983,0,14,202,//N,0.39353259999999995,1964
1984,0,14,202,//N,0.27484780000000003,1965
1985,0,14,202,//N,0.3990683,1966
1986,0,14,202,//N,0.4001329,1967
1987,0,14,202,//N,0.2770143,1968
1988,0,14,202,//N,0.9092809000000001,1977
1989,0,14,202,//N,0.46799009999999996,1980
1990,0,14,202,//N,0.6419776999999999,1981
1991,0,14,202,//N,0.36484520000000004,1982
1992,0,14,202,//N,0.8127850000000001,1983
1993,0,14,202,//N,0.4894889,1984
1994,0,14,202,//N,0.7763906999999999,1985
1995,0,14,202,//N,0.4682976,1986
1996,0,14,174,//N,0.7635451,1951
1997,0,14,174,//N,0.6514933,1952
1998,0,14,174,//N,0.9257938,1953
1999,0,14,174,//N,0.9279194,1954
2000,0,14,174,//N,1.243162,1955
2001,0,14,174,//N,1.3954879999999998,1956
2002,0,14,174,//N,0.9084621999999999,1957
2003,0,14,174,//N,0.7240733,1958
2004,0,14,174,//N,0.6268845000000001,1959
2005,0,14,174,//N,0.7076178000000001,1960
2006,0,14,174,//N,0.5105435,1961
2007,0,14,174,//N,0.6413506,1962
2008,0,14,174,//N,1.266205,1963
2009,0,14,174,//N,0.8031188,1964
2010,0,14,174,//N,0.670426,1965
2011,0,14,174,//N,0.7855411,1966
2012,0,14,174,//N,0.6565264000000001,1967
2013,0,14,174,//N,0.666062,1968
2014,0,14,174,//N,0.8086933000000001,1969
2015,0,14,174,//N,0.8271917,1970
2016,0,14,174,//N,0.8220071,1971
2017,0,14,174,//N,0.7792069,1972
2018,0,14,174,//N,0.5859646,1973
2019,0,14,174,//N,0.47140649999999995,1974
2020,0,14,174,//N,0.5343114000000001,1975
2021,0,14,174,//N,0.3620322,1976
2022,0,14,174,//N,0.4146537,1977
2023,0,14,174,//N,0.1780106,1978
2024,0,14,174,//N,0.7388427,1979
2025,0,14,174,//N,0.563601,1980
2026,0,14,174,//N,0.8956675999999999,1981
2027,0,14,174,//N,0.6166474000000001,1982
2028,0,14,174,//N,0.47002959999999994,1983
2029,0,14,174,//N,0.1890657,1984
2030,0,14,174,//N,0.6120893000000001,1985
2031,0,14,174,//N,0.40202350000000003,1986
2032,0,14,174,//N,0.47532929999999995,1987
2033,0,14,174,//N,0.6014086,1988
2034,0,14,174,//N,0.1915309,1989
2035,0,14,174,//N,0.9080599,1990
2036,0,14,174,//N,0.5537539,1991
2037,0,14,174,//N,0.6631489,1992
2038,0,14,174,//N,0.5898419,1993
2039,0,14,174,//N,0.2425585,1994
2040,0,14,174,//N,0.5311680000000001,1995
2041,0,14,174,//N,0.3542945,1996
2042,0,14,174,//N,0.07527460000000001,1997
2043,0,14,174,//N,0.3278739,1998
2044,0,14,174,//N,0.1878057,1999
2045,0,14,174,//N,0.2992571,2000
2046,0,14,174,//N,0.41308900000000004,2001
2047,0,14,174,//N,0.41004229999999997,2002
2048,0,14,174,//N,0.12923479999999998,2003
2049,0,14,174,//N,0.568872,2004
2050,0,14,174,//N,0.13785029999999998,2005
2051,0,14,174,//N,0.12364939999999999,2006
2052,0,14,174,//N,0.1357088,2007
2053,0,14,150,//N,2.849118,1951
2054,0,14,150,//N,1.513417,1952
2055,0,14,150,//N,1.8257880000000002,1953
2056,0,14,150,//N,1.572813,1954
2057,0,14,150,//N,2.5293259999999997,1955
2058,0,14,150,//N,1.04374,1956
2059,0,14,150,//N,1.099532,1957
2060,0,14,150,//N,1.000497,1958
2061,0,14,150,//N,1.480384,1959
2062,0,14,150,//N,0.912876,1960
2063,0,14,150,//N,0.7484229,1961
2064,0,14,150,//N,1.149831,1962
2065,0,14,150,//N,1.332069,1963
2066,0,14,150,//N,1.0521200000000002,1964
2067,0,14,150,//N,0.8901415000000001,1965
2068,0,14,150,//N,1.257104,1966
2069,0,14,150,//N,0.8782493,1967
2070,0,14,150,//N,0.8243999,1968
2071,0,14,150,//N,0.3459623,1969
2072,0,14,150,//N,0.9154686,1970
2073,0,14,150,//N,0.6329501000000001,1971
2074,0,14,150,//N,1.319232,1972
2075,0,14,150,//N,0.5816292,1973
2076,0,14,150,//N,0.8865145000000001,1974
2077,0,14,150,//N,0.7037651999999999,1975
2078,0,14,150,//N,0.9793279,1976
2079,0,14,150,//N,1.093741,1977
2080,0,14,150,//N,0.578873,1978
2081,0,14,150,//N,0.7393284999999999,1979
2082,0,14,150,//N,1.0483200000000001,1980
2083,0,14,150,//N,0.6726371,1981
2084,0,14,150,//N,0.7657328,1982
2085,0,14,150,//N,1.24929,1983
2086,0,14,150,//N,0.9059073000000001,1984
2087,0,14,150,//N,1.9190080000000003,1985
2088,0,14,150,//N,0.8722419,1986
2089,0,14,150,//N,1.355133,1987
2090,0,14,150,//N,1.077674,1988
2091,0,14,150,//N,0.43928959999999995,1989
2092,0,14,150,//N,1.216289,1990
2093,0,14,150,//N,0.9381949,1991
2094,0,14,150,//N,0.9928998,1992
2095,0,14,150,//N,1.3212840000000001,1993
2096,0,14,150,//N,0.4854611,1994
2097,0,14,150,//N,0.32418759999999996,1995
2098,0,14,150,//N,0.8776013,1996
2099,0,14,150,//N,0.4035962,1997
2100,0,14,150,//N,0.26479359999999996,1998
2101,0,14,150,//N,0.3285913,1999
2102,0,14,150,//N,0.6929852,2000
2103,0,14,150,//N,0.5801388000000001,2001
2104,0,14,150,//N,0.5041746,2002
2105,0,14,150,//N,0.5401175,2003
2106,0,14,150,//N,0.6101585999999999,2004
2107,0,14,150,//N,1.392001,2005
2108,0,14,150,//N,0.6296508000000001,2006
2109,0,14,150,//N,0.3525676,2007
2110,0,14,45,//N,0.0,1951
2111,0,14,45,//N,2.261708,1952
2112,0,14,45,//N,1.339488,1953
2113,0,14,45,//N,2.077077,1954
2114,0,14,45,//N,0.8444721,1955
2115,0,14,45,//N,0.6668852,1956
2116,0,14,45,//N,1.581936,1957
2117,0,14,45,//N,0.3532712,1958
2118,0,14,45,//N,0.5703060000000001,1960
2119,0,14,45,//N,0.4842719,1961
2120,0,14,45,//N,0.7168222,1962
2121,0,14,45,//N,1.3297290000000002,1963
2122,0,14,45,//N,1.19318,1967
2123,0,14,45,//N,1.1290129999999998,1968
2124,0,14,45,//N,0.9490815999999999,1970
2125,0,14,45,//N,0.3139832,1971
2126,0,14,45,//N,0.7153929,1972
2127,0,14,45,//N,1.288257,1973
2128,0,14,45,//N,0.0,1974
2129,0,14,45,//N,0.9203493,1975
2130,0,14,45,//N,1.3747770000000001,1976
2131,0,14,45,//N,0.9726188,1977
2132,0,14,45,//N,1.8424060000000002,1978
2133,0,14,45,//N,0.5134595000000001,1979
2134,0,14,45,//N,0.3135915,1980
2135,0,14,45,//N,0.28116640000000004,1981
2136,0,14,45,//N,0.3036812,1982
2137,0,14,45,//N,0.8079844,1983
2138,0,14,45,//N,0.5390305999999999,1984
2139,0,14,45,//N,0.727016,1985
2140,0,14,45,//N,0.9750174,1986
2141,0,14,45,//N,2.163785,1987
2142,0,14,45,//N,0.0,1988
2143,0,14,45,//N,2.068621,1989
2144,0,14,45,//N,1.1681620000000001,1990
2145,0,14,45,//N,2.024912,1991
2146,0,14,45,//N,1.605232,1992
2147,0,14,45,//N,2.781203,1993
2148,0,14,45,//N,1.063727,1994
2149,0,14,45,//N,3.135765,1995
2150,0,14,45,//N,1.208926,1996
2151,0,14,45,//N,2.805592,1997
2152,0,14,45,//N,2.151064,1998
2153,0,14,45,//N,0.353396,1999
2154,0,14,45,//N,3.050996,2000
2155,0,14,45,//N,3.9108620000000003,2001
2156,0,14,45,//N,0.3714575,2002
2157,0,14,158,//N,0.5498523,1981
2158,0,14,158,//N,0.5337893,1982
2159,0,14,158,//N,0.31041040000000003,1985
2160,0,14,158,//N,0.3519462,1986
2161,0,14,158,//N,0.2732918,1987
2162,0,14,158,//N,1.056365,1988
2163,0,14,158,//N,0.3482965,1989
2164,0,14,158,//N,0.3362288,1990
2165,0,14,158,//N,0.1439821,1991
2166,0,14,158,//N,0.24853530000000001,1992
2167,0,14,158,//N,0.6238241999999999,1993
2168,0,14,158,//N,0.2856533,1994
2169,0,14,158,//N,0.1595481,1995
2170,0,14,158,//N,0.42452559999999995,1996
2171,0,14,158,//N,0.4336558,1997
2172,0,14,158,//N,0.27491479999999996,1998
2173,0,14,145,//N,0.7137852,1981
2174,0,14,145,//N,0.7654354999999999,1982
2175,0,14,145,//N,0.6227928,1985
2176,0,14,145,//N,0.8079845999999999,1986
2177,0,14,145,//N,0.9293313,1987
2178,0,14,145,//N,0.9190439,1988
2179,0,14,145,//N,0.9419245999999999,1989
2180,0,14,145,//N,0.8405716999999999,1990
2181,0,14,145,//N,0.93758,1991
2182,0,14,145,//N,0.8503994,1992
2183,0,14,145,//N,1.412572,1993
2184,0,14,145,//N,1.122854,1994
2185,0,14,145,//N,1.482429,1995
2186,0,14,145,//N,1.6625599999999998,1996
2187,0,14,145,//N,1.639214,1997
2188,0,14,145,//N,1.238308,1998
2189,0,14,145,//N,1.567803,1999
2190,0,14,145,//N,1.532143,2000
2191,0,14,145,//N,1.429878,2001
2192,0,14,145,//N,1.397045,2002
2193,0,14,145,//N,1.2626700000000002,2003
2194,0,14,145,//N,1.089952,2004
2195,0,14,145,//N,0.9374388000000001,2005
2196,0,14,145,//N,1.213327,2006
2197,0,14,7,//N,0.6170401,1950
2198,0,14,7,//N,0.5183407,1951
2199,0,14,7,//N,0.5120102,1952
2200,0,14,7,//N,0.7036149,1953
2201,0,14,7,//N,0.7887876,1954
2202,0,14,7,//N,0.7315749,1955
2203,0,14,7,//N,0.5808066,1956
2204,0,14,7,//N,0.857383,1957
2205,0,14,7,//N,0.544359,1958
2206,0,14,7,//N,0.6919305,1959
2207,0,14,7,//N,0.7095373,1960
2208,0,14,7,//N,0.5539562,1961
2209,0,14,7,//N,0.7092965,1962
2210,0,14,7,//N,0.6484278,1963
2211,0,14,7,//N,0.7252776999999999,1964
2212,0,14,7,//N,0.6734278,1965
2213,0,14,7,//N,0.7517176,1966
2214,0,14,7,//N,0.7335736999999999,1967
2215,0,14,7,//N,0.8863078999999999,1968
2216,0,14,7,//N,0.7902933000000001,1969
2217,0,14,7,//N,0.7596071,1970
2218,0,14,7,//N,0.8003076,1971
2219,0,14,7,//N,0.9696699000000001,1972
2220,0,14,7,//N,0.9826341000000001,1973
2221,0,14,7,//N,0.9815795,1974
2222,0,14,7,//N,0.8449704,1975
2223,0,14,7,//N,0.9299915999999999,1976
2224,0,14,7,//N,0.8435138000000001,1977
2225,0,14,7,//N,0.9702815,1978
2226,0,14,7,//N,0.8840832000000001,1979
2227,0,14,7,//N,0.5001114999999999,1980
2228,0,14,7,//N,0.3711001,1981
2229,0,14,7,//N,0.5718552,1982
2230,0,14,7,//N,0.5478246,1983
2231,0,14,7,//N,0.5673779,1984
2232,0,14,7,//N,0.5779628000000001,1985
2233,0,14,7,//N,0.4565247,1986
2234,0,14,7,//N,0.42539920000000003,1987
2235,0,14,7,//N,0.6014073,1988
2236,0,14,7,//N,0.4997525,1989
2237,0,14,7,//N,0.3899146,1990
2238,0,14,7,//N,0.45185640000000005,1991
2239,0,14,7,//N,0.316449,1992
2240,0,14,7,//N,0.5673764,1993
2241,0,14,7,//N,0.459905,1994
2242,0,14,7,//N,0.40787579999999996,1995
2243,0,14,7,//N,0.6567783,1996
2244,0,14,7,//N,0.32508000000000004,1997
2245,0,14,7,//N,0.2697006,1998
2246,0,14,7,//N,0.3931631,1999
2247,0,14,7,//N,0.4596795,2000
2248,0,14,7,//N,0.3084812,2001
2249,0,14,7,//N,0.19412120000000002,2002
2250,0,14,7,//N,0.195827,2003
2251,0,14,7,//N,0.1579129,2004
2252,0,14,7,//N,0.15196289999999998,2005
2253,0,14,7,//N,0.1046569,2006
2254,0,14,7,//N,0.11179360000000002,2007
2255,0,14,117,//N,0.829125,1950
2256,0,14,117,//N,0.7478704,1951
2257,0,14,117,//N,0.7380419,1952
2258,0,14,117,//N,0.7061849,1953
2259,0,14,117,//N,0.779996,1954
2260,0,14,117,//N,0.6740531999999999,1955
2261,0,14,117,//N,0.7228584,1956
2262,0,14,117,//N,0.6550694,1957
2263,0,14,117,//N,0.7447672,1958
2264,0,14,117,//N,0.8461770000000001,1959
2265,0,14,117,//N,0.8570048000000001,1960
2266,0,14,117,//N,0.9524295,1961
2267,0,14,117,//N,0.9717218000000001,1962
2268,0,14,117,//N,1.037892,1963
2269,0,14,117,//N,1.107108,1964
2270,0,14,117,//N,1.1120430000000001,1965
2271,0,14,117,//N,1.131585,1966
2272,0,14,117,//N,1.212057,1967
2273,0,14,117,//N,1.19813,1968
2274,0,14,117,//N,1.223647,1969
2275,0,14,117,//N,1.358342,1970
2276,0,14,117,//N,1.582554,1971
2277,0,14,117,//N,1.436138,1972
2278,0,14,117,//N,1.748372,1973
2279,0,14,117,//N,1.66152,1974
2280,0,14,117,//N,1.707887,1975
2281,0,14,117,//N,1.7188400000000001,1976
2282,0,14,117,//N,1.87745,1977
2283,0,14,117,//N,1.8430810000000002,1978
2284,0,14,117,//N,1.752965,1979
2285,0,14,117,//N,1.862925,1980
2286,0,14,117,//N,1.948652,1981
2287,0,14,117,//N,1.988529,1982
2288,0,14,117,//N,1.672843,1983
2289,0,14,117,//N,1.932913,1984
2290,0,14,117,//N,1.844648,1985
2291,0,14,117,//N,1.985884,1986
2292,0,14,117,//N,1.929173,1987
2293,0,14,117,//N,2.162444,1988
2294,0,14,117,//N,2.2801240000000003,1989
2295,0,14,117,//N,2.254507,1990
2296,0,14,117,//N,2.3843520000000002,1991
2297,0,14,117,//N,2.3797639999999998,1992
2298,0,14,117,//N,2.579402,1993
2299,0,14,117,//N,2.371283,1994
2300,0,14,117,//N,2.3155639999999997,1995
2301,0,14,117,//N,2.2346310000000003,1996
2302,0,14,117,//N,2.02475,1997
2303,0,14,117,//N,2.081811,1998
2304,0,14,117,//N,2.003128,1999
2305,0,14,117,//N,1.863171,2000
2306,0,14,117,//N,1.8281,2001
2307,0,14,117,//N,1.8284340000000001,2002
2308,0,14,117,//N,1.758301,2003
2309,0,14,117,//N,1.722072,2004
2310,0,14,117,//N,1.697097,2005
2311,0,14,30,//N,0.7815184000000001,1955
2312,0,14,30,//N,1.2691629999999998,1956
2313,0,14,30,//N,0.31755079999999997,1957
2314,0,14,30,//N,1.19464,1958
2315,0,14,30,//N,0.30112790000000006,1959
2316,0,14,30,//N,0.858966,1960
2317,0,14,30,//N,0.5639423000000001,1963
2318,0,14,30,//N,0.9467648999999999,1964
2319,0,14,30,//N,0.5441575,1965
2320,0,14,30,//N,0.5424085999999999,1966
2321,0,14,30,//N,1.176234,1967
2322,0,14,30,//N,0.48881990000000003,1968
2323,0,14,30,//N,0.5507701999999999,1969
2324,0,14,30,//N,1.04855,1970
2325,0,14,30,//N,0.7612135999999999,1971
2326,0,14,30,//N,0.48420329999999995,1972
2327,0,14,30,//N,0.7213092,1973
2328,0,14,30,//N,1.2010129999999999,1974
2329,0,14,30,//N,0.7808196999999999,1975
2330,0,14,30,//N,1.564885,1976
2331,0,14,30,//N,1.042249,1977
2332,0,14,30,//N,0.12789769999999998,1978
2333,0,14,30,//N,0.7658786,1980
2334,0,14,30,//N,1.004974,1981
2335,0,14,30,//N,0.3670613,1982
2336,0,14,30,//N,0.3786826,1983
2337,0,14,30,//N,0.24863720000000003,1984
2338,0,14,30,//N,0.7578098000000001,1985
2339,0,14,30,//N,0.6488495,1986
2340,0,14,30,//N,0.4924175,1987
2341,0,14,30,//N,0.8573472,1988
2342,0,14,30,//N,0.7318714,1989
2343,0,14,30,//N,0.6370286999999999,1990
2344,0,14,30,//N,0.8847754999999999,1993
2345,0,14,30,//N,0.754666,1994
2346,0,14,30,//N,0.49164399999999997,1995
2347,0,14,30,//N,1.138742,1996
2348,0,14,30,//N,1.496774,1997
2349,0,14,30,//N,0.6359342,1998
2350,0,14,30,//N,0.7674438,1999
2351,0,14,30,//N,1.430188,2000
2352,0,14,30,//N,1.2530629999999998,2001
2353,0,14,30,//N,1.43651,2004
2354,0,14,81,//N,0.46460500000000005,1981
2355,0,14,81,//N,1.358299,1982
2356,0,14,81,//N,0.44715550000000004,1985
2357,0,14,81,//N,0.5587941,1986
2358,0,14,81,//N,0.3105077,1987
2359,0,14,81,//N,0.4511372,1988
2360,0,14,81,//N,0.3912432,1989
2361,0,14,81,//N,0.4646913,1990
2362,0,14,81,//N,0.3693832,1991
2363,0,14,81,//N,0.3722853,1992
2364,0,14,81,//N,0.29670959999999996,1993
2365,0,14,81,//N,0.2542707,1994
2366,0,14,81,//N,0.29296350000000004,1995
2367,0,14,81,//N,0.5354638,1996
2368,0,14,81,//N,0.3633258,1997
2369,0,14,81,//N,0.3167461,1998
2370,0,14,81,//N,0.22601820000000003,1999
2371,0,14,81,//N,0.22537510000000002,2000
2372,0,14,81,//N,0.42595950000000005,2001
2373,0,14,81,//N,0.4288326,2002
2374,0,14,81,//N,0.26587659999999996,2003
2375,0,14,81,//N,0.32725279999999995,2004
2376,0,14,81,//N,0.29032420000000003,2005
2377,0,14,6,//N,0.7031969,1955
2378,0,14,6,//N,0.4503568,1956
2379,0,14,6,//N,0.5784468,1957
2380,0,14,6,//N,0.5542349,1958
2381,0,14,6,//N,0.6805038,1959
2382,0,14,6,//N,0.8034328000000001,1960
2383,0,14,6,//N,0.7606693,1961
2384,0,14,6,//N,0.8467044,1962
2385,0,14,6,//N,1.062698,1963
2386,0,14,6,//N,0.8776742000000001,1964
2387,0,14,6,//N,0.4897322,1965
2388,0,14,6,//N,0.608213,1966
2389,0,14,6,//N,0.5192326,1967
2390,0,14,6,//N,0.5771647,1968
2391,0,14,6,//N,0.6557596,1969
2392,0,14,6,//N,0.7135783,1970
2393,0,14,6,//N,0.7592800999999999,1971
2394,0,14,6,//N,0.7896810000000001,1972
2395,0,14,6,//N,0.7241837,1973
2396,0,14,6,//N,0.6105898,1974
2397,0,14,6,//N,0.6848655,1975
2398,0,14,6,//N,0.6250915,1976
2399,0,14,6,//N,0.5661951999999999,1977
2400,0,14,6,//N,0.5190836,1978
2401,0,14,6,//N,0.45796729999999997,1979
2402,0,14,6,//N,0.6483420999999999,1980
2403,0,14,6,//N,0.5153205,1981
2404,0,14,6,//N,0.8188741,1982
2405,0,14,6,//N,0.6699528,1983
2406,0,14,6,//N,0.754829,1985
2407,0,14,6,//N,0.6334084,1986
2408,0,14,6,//N,0.4437214,1987
2409,0,14,6,//N,0.8783801,1988
2410,0,14,6,//N,0.9911851,1989
2411,0,14,6,//N,1.305452,1990
2412,0,14,6,//N,1.087375,1992
2413,0,14,6,//N,1.3777760000000001,1993
2414,0,14,6,//N,1.423103,1994
2415,0,14,6,//N,1.34423,1996
2416,0,14,6,//N,1.26405,1997
2417,0,14,6,//N,1.074333,1998
2418,0,14,6,//N,1.239891,1999
2419,0,14,6,//N,1.619054,2000
2420,0,14,6,//N,1.792271,2001
2421,0,14,6,//N,1.7592869999999998,2002
2422,0,14,6,//N,1.838497,2003
2423,0,14,6,//N,1.943298,2004
2424,0,14,6,//N,1.574069,2005
2425,0,14,6,//N,1.805877,2007
2426,0,14,203,//N,0.9003357,1953
2427,0,14,203,//N,1.069028,1954
2428,0,14,203,//N,1.494053,1955
2429,0,14,203,//N,1.4959360000000002,1956
2430,0,14,203,//N,1.004068,1957
2431,0,14,203,//N,0.8741591999999999,1958
2432,0,14,203,//N,1.002908,1959
2433,0,14,203,//N,0.9429992,1960
2434,0,14,203,//N,0.9227860000000001,1961
2435,0,14,203,//N,1.296439,1962
2436,0,14,203,//N,1.2920610000000001,1963
2437,0,14,203,//N,1.117702,1964
2438,0,14,203,//N,1.086618,1965
2439,0,14,203,//N,1.1906379999999999,1966
2440,0,14,203,//N,1.4040860000000002,1967
2441,0,14,203,//N,1.0189620000000001,1968
2442,0,14,203,//N,1.2095,1969
2443,0,14,203,//N,1.427906,1970
2444,0,14,203,//N,1.234367,1971
2445,0,14,203,//N,1.1319350000000001,1972
2446,0,14,203,//N,0.9662174000000001,1973
2447,0,14,203,//N,1.001172,1974
2448,0,14,203,//N,1.013184,1975
2449,0,14,203,//N,0.5950164000000001,1976
2450,0,14,203,//N,1.0262639999999998,1977
2451,0,14,203,//N,0.7440806,1978
2452,0,14,203,//N,0.8505671,1979
2453,0,14,203,//N,0.6774505,1980
2454,0,14,203,//N,0.8278433000000001,1981
2455,0,14,203,//N,0.9197969000000001,1982
2456,0,14,203,//N,0.9910903,1983
2457,0,14,203,//N,0.8128295999999999,1984
2458,0,14,203,//N,0.6674984,1985
2459,0,14,203,//N,0.6864039000000001,1986
2460,0,14,203,//N,0.6801358000000001,1987
2461,0,14,203,//N,0.6606675999999999,1988
2462,0,14,203,//N,0.474625,1989
2463,0,14,203,//N,0.7780661999999999,1990
2464,0,14,203,//N,0.822616,1991
2465,0,14,36,//N,0.3258027,1973
2466,0,14,36,//N,0.5321924,1974
2467,0,14,36,//N,0.7485086,1989
2468,0,14,36,//N,0.6604021,1990
2469,0,14,96,//N,1.372166,1952
2470,0,14,96,//N,1.530242,1953
2471,0,14,96,//N,1.550837,1954
2472,0,14,96,//N,1.537457,1955
2473,0,14,96,//N,1.402443,1956
2474,0,14,96,//N,1.5140790000000002,1957
2475,0,14,96,//N,1.350916,1958
2476,0,14,96,//N,1.149381,1959
2477,0,14,96,//N,1.084408,1960
2478,0,14,96,//N,1.35134,1961
2479,0,14,96,//N,1.215916,1962
2480,0,14,96,//N,1.0843129999999999,1963
2481,0,14,96,//N,1.3112629999999998,1964
2482,0,14,96,//N,1.111477,1965
2483,0,14,96,//N,1.1080139999999998,1966
2484,0,14,96,//N,1.298123,1967
2485,0,14,96,//N,1.227211,1968
2486,0,14,96,//N,1.072207,1969
2487,0,14,96,//N,1.19651,1970
2488,0,14,96,//N,1.0064440000000001,1971
2489,0,14,96,//N,1.042353,1972
2490,0,14,96,//N,1.123497,1973
2491,0,14,96,//N,1.000052,1974
2492,0,14,96,//N,0.9151393,1975
2493,0,14,96,//N,1.126787,1976
2494,0,14,96,//N,0.9413908999999999,1977
2495,0,14,96,//N,1.1133620000000002,1978
2496,0,14,96,//N,0.8467950999999999,1979
2497,0,14,96,//N,0.8636879000000001,1980
2498,0,14,96,//N,0.8101716,1981
2499,0,14,96,//N,0.9177447,1982
2500,0,14,96,//N,1.008748,1983
2501,0,14,96,//N,0.9451411,1984
2502,0,14,96,//N,0.8253210999999999,1985
2503,0,14,96,//N,0.911676,1986
2504,0,14,96,//N,0.7875788,1987
2505,0,14,96,//N,0.8113155,1988
2506,0,14,96,//N,0.5815685,1989
2507,0,14,96,//N,0.5766008,1990
2508,0,14,1,//N,1.048732,1982
2509,0,14,1,//N,0.9732437,1983
2510,0,14,1,//N,0.8706539000000001,1984
2511,0,14,1,//N,0.8257931000000001,1985
2512,0,14,1,//N,0.813355,1986
2513,0,14,1,//N,0.7659603,1987
2514,0,14,1,//N,0.8619792,1988
2515,0,14,1,//N,0.8482450999999999,1989
2516,0,14,1,//N,0.8665863000000001,1990
2517,0,14,121,//N,1.386992,1968
2518,0,14,121,//N,1.066262,1969
2519,0,14,121,//N,0.6698188,1978
2520,0,14,121,//N,0.5582523,1979
2521,0,14,121,//N,0.6544523,1980
2522,0,14,121,//N,0.775834,1981
2523,0,14,121,//N,0.9887454999999999,1982
2524,0,14,121,//N,0.5969909000000001,1983
2525,0,14,121,//N,0.4106095,1984
2526,0,14,121,//N,0.5157421,1985
2527,0,14,121,//N,0.5940699,1986
2528,0,14,121,//N,0.3573656,1987
2529,0,14,121,//N,0.41737979999999997,1988
2530,0,14,121,//N,0.43492020000000003,1989
2531,0,14,121,//N,0.37252290000000005,1990
2532,0,14,43,//N,0.500575,1997
2533,0,14,43,//N,0.1798171,1998
2534,0,14,43,//N,0.3512842,1999
2535,0,14,43,//N,0.04255,2000
2536,0,14,43,//N,0.9842721,2001
2537,0,14,43,//N,0.5705369,2002
