id,country_id,index,year
1,79,25.0,2006
2,79,25.0,2007
3,79,25.0,2008
4,79,25.0,2009
5,79,25.0,2010
6,79,25.0,2011
7,79,25.0,2012
8,79,25.0,2013
9,79,25.0,2014
10,79,25.0,2015
11,79,25.0,2016
12,79,25.0,2017
13,34,56.3,2006
14,34,56.3,2007
15,34,56.3,2008
16,34,53.1,2009
17,34,50.0,2010
18,34,50.0,2011
19,34,50.0,2012
20,34,50.0,2013
21,34,50.0,2014
22,34,50.0,2015
23,34,50.0,2016
24,34,50.0,2017
25,161,56.3,2006
26,161,56.3,2007
27,161,56.3,2008
28,161,56.3,2009
29,161,56.3,2010
30,161,56.3,2011
31,161,56.3,2012
32,161,56.3,2013
33,161,56.3,2014
34,161,62.5,2015
35,161,50.0,2016
36,161,50.0,2017
37,159,56.3,2006
38,159,50.0,2007
39,159,43.8,2008
40,159,43.8,2009
41,159,43.8,2010
42,159,43.8,2011
43,159,43.8,2012
44,159,43.8,2013
45,159,43.8,2014
46,159,43.8,2015
47,159,43.8,2016
48,159,50.0,2017
49,199,56.3,2006
50,199,56.3,2007
51,199,56.3,2008
52,199,59.4,2009
53,199,62.5,2010
54,199,62.5,2011
55,199,62.5,2012
56,199,62.5,2013
57,199,62.5,2014
58,199,68.8,2015
59,199,68.8,2016
60,199,68.8,2017
61,205,31.3,2006
62,205,31.3,2007
63,205,31.3,2008
64,205,31.3,2009
65,205,31.3,2010
66,205,31.3,2011
67,205,31.3,2012
68,205,31.3,2013
69,205,31.3,2014
70,205,25.0,2015
71,205,18.8,2016
72,205,18.8,2017
73,91,87.5,2006
74,91,87.5,2007
75,91,87.5,2008
76,91,90.7,2009
77,91,93.8,2010
78,91,93.8,2011
79,91,93.8,2012
80,91,93.8,2013
81,91,87.5,2014
82,91,87.5,2015
83,91,87.5,2016
84,91,87.5,2017
85,198,87.5,2006
86,198,84.4,2007
87,198,81.3,2008
88,198,81.3,2009
89,198,81.3,2010
90,198,81.3,2011
91,198,81.3,2012
92,198,81.3,2013
93,198,75.0,2014
94,198,75.0,2015
95,198,68.8,2016
96,198,68.8,2017
97,187,37.5,2006
98,187,37.5,2007
99,187,37.5,2008
100,187,37.5,2009
101,187,37.5,2010
102,187,37.5,2011
103,187,37.5,2012
104,187,37.5,2013
105,187,37.5,2014
106,187,37.5,2015
107,187,37.5,2016
108,187,37.5,2017
109,169,50.0,2006
110,169,50.0,2007
111,169,50.0,2008
112,169,50.0,2009
113,169,50.0,2010
114,169,43.8,2011
115,169,43.8,2012
116,169,43.8,2013
117,169,43.8,2014
118,169,43.8,2015
119,169,43.8,2016
120,169,43.8,2017
121,166,62.5,2006
122,166,50.0,2007
123,166,37.5,2008
124,166,43.8,2009
125,166,50.0,2010
126,166,43.8,2011
127,166,43.8,2012
128,166,43.8,2013
129,166,43.8,2014
130,166,43.8,2015
131,166,43.8,2016
132,166,43.8,2017
133,53,43.8,2006
134,53,43.8,2007
135,53,43.8,2008
136,53,43.8,2009
137,53,43.8,2010
138,53,43.8,2011
139,53,43.8,2012
140,53,43.8,2013
141,53,62.5,2014
142,53,62.5,2015
143,53,62.5,2016
144,53,56.3,2017
145,12,68.8,2006
146,12,71.9,2007
147,12,75.0,2008
148,12,75.0,2009
149,12,75.0,2010
150,12,75.0,2011
151,12,75.0,2012
152,12,75.0,2013
153,12,68.8,2014
154,12,68.8,2015
155,12,68.8,2016
156,12,68.8,2017
157,190,68.8,2006
158,190,62.5,2007
159,190,56.3,2008
160,190,56.3,2009
161,190,56.3,2010
162,190,56.3,2011
163,190,56.3,2012
164,190,56.3,2013
165,190,56.3,2014
166,190,56.3,2015
167,190,56.3,2016
168,190,56.3,2017
169,125,37.5,2006
170,125,40.6,2007
171,125,43.8,2008
172,125,43.8,2009
173,125,43.8,2010
174,125,43.8,2011
175,125,43.8,2012
176,125,43.8,2013
177,125,43.8,2014
178,125,43.8,2015
179,125,43.8,2016
180,125,43.8,2017
181,73,37.5,2006
182,73,37.5,2007
183,73,37.5,2008
184,73,37.5,2009
185,73,37.5,2010
186,73,37.5,2011
187,73,37.5,2012
188,73,37.5,2013
189,73,37.5,2014
190,73,37.5,2015
191,73,37.5,2016
192,73,37.5,2017
193,108,50.0,2006
194,108,50.0,2007
195,108,50.0,2008
196,108,50.0,2009
197,108,50.0,2010
198,108,50.0,2011
199,108,50.0,2012
200,108,50.0,2013
201,108,43.8,2014
202,108,43.8,2015
203,108,37.5,2016
204,108,37.5,2017
205,22,68.8,2006
206,22,65.7,2007
207,22,62.5,2008
208,22,65.7,2009
209,22,68.8,2010
210,22,68.8,2011
211,22,68.8,2012
212,22,75.0,2013
213,22,75.0,2014
214,22,75.0,2015
215,22,75.0,2016
216,22,75.0,2017
217,146,56.3,2006
218,146,56.3,2007
219,146,56.3,2008
220,146,50.0,2009
221,146,43.8,2010
222,146,43.8,2011
223,146,43.8,2012
224,146,43.8,2013
225,146,62.5,2014
226,146,37.5,2015
227,146,37.5,2016
228,146,50.0,2017
229,154,50.0,2006
230,154,53.1,2007
231,154,56.3,2008
232,154,50.0,2009
233,154,43.8,2010
234,154,43.8,2011
235,154,43.8,2012
236,154,43.8,2013
237,154,50.0,2014
238,154,50.0,2015
239,154,43.8,2016
240,154,43.8,2017
241,185,56.3,2006
242,185,53.1,2007
243,185,50.0,2008
244,185,43.8,2009
245,185,37.5,2010
246,185,37.5,2011
247,185,37.5,2012
248,185,50.0,2013
249,185,50.0,2014
250,185,56.3,2015
251,185,56.3,2016
252,185,56.3,2017
253,139,62.5,2006
254,139,62.5,2007
255,139,62.5,2008
256,139,59.4,2009
257,139,56.3,2010
258,139,56.3,2011
259,139,50.0,2012
260,139,50.0,2013
261,139,50.0,2014
262,139,50.0,2015
263,139,50.0,2016
264,139,50.0,2017
265,84,50.0,2006
266,84,50.0,2007
267,84,50.0,2008
268,84,50.0,2009
269,84,50.0,2010
270,84,50.0,2011
271,84,56.3,2012
272,84,56.3,2013
273,84,56.3,2014
274,84,50.0,2015
275,84,50.0,2016
276,84,56.3,2017
277,87,56.3,2006
278,87,53.1,2007
279,87,50.0,2008
280,87,50.0,2009
281,87,50.0,2010
282,87,50.0,2011
283,87,50.0,2012
284,87,50.0,2013
285,87,50.0,2014
286,87,50.0,2015
287,87,43.8,2016
288,87,43.8,2017
289,133,87.5,2006
290,133,87.5,2007
291,133,87.5,2008
292,133,87.5,2009
293,133,87.5,2010
294,133,87.5,2011
295,133,87.5,2012
296,133,87.5,2013
297,133,87.5,2014
298,133,87.5,2015
299,133,87.5,2016
300,133,87.5,2017
301,114,68.8,2006
302,114,65.7,2007
303,114,62.5,2008
304,114,65.7,2009
305,114,68.8,2010
306,114,62.5,2011
307,114,62.5,2012
308,114,62.5,2013
309,114,62.5,2014
310,114,62.5,2015
311,114,68.8,2016
312,114,68.8,2017
313,85,18.8,2006
314,85,18.8,2007
315,85,18.8,2008
316,85,21.9,2009
317,85,25.0,2010
318,85,25.0,2011
319,85,25.0,2012
320,85,25.0,2013
321,85,25.0,2014
322,85,25.0,2015
323,85,25.0,2016
324,85,18.8,2017
325,135,50.0,2006
326,135,46.9,2007
327,135,43.8,2008
328,135,43.8,2009
329,135,43.8,2010
330,135,37.5,2011
331,135,37.5,2012
332,135,37.5,2013
333,135,37.5,2014
334,135,37.5,2015
335,135,37.5,2016
336,135,37.5,2017
337,188,62.5,2006
338,188,62.5,2007
339,188,62.5,2008
340,188,65.7,2009
341,188,68.8,2010
342,188,62.5,2011
343,188,62.5,2012
344,188,68.8,2013
345,188,68.8,2014
346,188,68.8,2015
347,188,68.8,2016
348,188,75.0,2017
349,92,62.5,2006
350,92,62.5,2007
351,92,62.5,2008
352,92,59.4,2009
353,92,56.3,2010
354,92,56.3,2011
355,92,50.0,2012
356,92,50.0,2013
357,92,50.0,2014
358,92,62.5,2015
359,92,62.5,2016
360,92,62.5,2017
361,86,43.8,2006
362,86,43.8,2007
363,86,43.8,2008
364,86,40.6,2009
365,86,37.5,2010
366,86,37.5,2011
367,86,37.5,2012
368,86,37.5,2013
369,86,37.5,2014
370,86,43.8,2015
371,86,43.8,2016
372,86,50.0,2017
373,177,56.3,2006
374,177,53.1,2007
375,177,50.0,2008
376,177,43.8,2009
377,177,37.5,2010
378,177,37.5,2011
379,177,37.5,2012
380,177,37.5,2013
381,177,37.5,2014
382,177,37.5,2015
383,177,37.5,2016
384,177,37.5,2017
385,38,37.5,2006
386,38,34.4,2007
387,38,31.3,2008
388,38,31.3,2009
389,38,31.3,2010
390,38,31.3,2011
391,38,31.3,2012
392,38,31.3,2013
393,38,31.3,2014
394,38,43.8,2015
395,38,43.8,2016
396,38,37.5,2017
397,191,56.3,2006
398,191,46.9,2007
399,191,37.5,2008
400,191,37.5,2009
401,191,37.5,2010
402,191,37.5,2011
403,191,37.5,2012
404,191,37.5,2013
405,191,37.5,2014
406,191,37.5,2015
407,191,37.5,2016
408,191,37.5,2017
409,33,68.8,2006
410,33,68.8,2007
411,33,68.8,2008
412,33,68.8,2009
413,33,68.8,2010
414,33,68.8,2011
415,33,68.8,2012
416,33,68.8,2013
417,33,68.8,2014
418,33,68.8,2015
419,33,68.8,2016
420,33,68.8,2017
421,5,56.3,2006
422,5,56.3,2007
423,5,56.3,2008
424,5,56.3,2009
425,5,56.3,2010
426,5,56.3,2011
427,5,56.3,2012
428,5,56.3,2013
429,5,56.3,2014
430,5,56.3,2015
431,5,56.3,2016
432,5,56.3,2017
433,71,56.3,2006
434,71,56.3,2007
435,71,56.3,2008
436,71,53.1,2009
437,71,50.0,2010
438,71,50.0,2011
439,71,56.3,2012
440,71,56.3,2013
441,71,56.3,2014
442,71,56.3,2015
443,71,50.0,2016
444,71,50.0,2017
445,118,43.8,2006
446,118,43.8,2007
447,118,43.8,2008
448,118,43.8,2009
449,118,43.8,2010
450,118,43.8,2011
451,118,43.8,2012
452,118,43.8,2013
453,118,43.8,2014
454,118,43.8,2015
455,118,43.8,2016
456,118,43.8,2017
457,80,62.5,2006
458,80,68.8,2007
459,80,75.0,2008
460,80,65.7,2009
461,80,56.3,2010
462,80,56.3,2011
463,80,56.3,2012
464,80,56.3,2013
465,80,56.3,2014
466,80,62.5,2015
467,80,68.8,2016
468,80,68.8,2017
469,182,81.3,2006
470,182,81.3,2007
471,182,81.3,2008
472,182,81.3,2009
473,182,81.3,2010
474,182,81.3,2011
475,182,81.3,2012
476,182,75.0,2013
477,182,68.8,2014
478,182,68.8,2015
479,182,68.8,2016
480,182,68.8,2017
481,106,93.8,2006
482,106,93.8,2007
483,106,93.8,2008
484,106,93.8,2009
485,106,93.8,2010
486,106,93.8,2011
487,106,93.8,2012
488,106,93.8,2013
489,106,93.8,2014
490,106,93.8,2015
491,106,93.8,2016
492,106,93.8,2017
493,74,50.0,2006
494,74,50.0,2007
495,74,50.0,2008
496,74,50.0,2009
497,74,50.0,2010
498,74,56.3,2011
499,74,56.3,2012
500,74,56.3,2013
501,74,56.3,2014
502,74,56.3,2015
503,74,56.3,2016
504,74,56.3,2017
505,157,56.3,2006
506,157,56.3,2007
507,157,56.3,2008
508,157,59.4,2009
509,157,62.5,2010
510,157,62.5,2011
511,157,62.5,2012
512,157,62.5,2013
513,157,62.5,2014
514,157,62.5,2015
515,157,62.5,2016
516,157,56.3,2017
517,179,31.3,2006
518,179,31.3,2007
519,179,31.3,2008
520,179,34.4,2009
521,179,37.5,2010
522,179,37.5,2011
523,179,43.8,2012
524,179,43.8,2013
525,179,43.8,2014
526,179,43.8,2015
527,179,43.8,2016
528,179,43.8,2017
529,111,68.8,2006
530,111,59.4,2007
531,111,50.0,2008
532,111,50.0,2009
533,111,50.0,2010
534,111,56.3,2011
535,111,56.3,2012
536,111,37.5,2013
537,111,31.3,2014
538,111,37.5,2015
539,111,37.5,2016
540,111,37.5,2017
541,70,43.8,2006
542,70,46.9,2007
543,70,50.0,2008
544,70,50.0,2009
545,70,50.0,2010
546,70,50.0,2011
547,70,50.0,2012
548,70,50.0,2013
549,70,50.0,2014
550,70,50.0,2015
551,70,50.0,2016
552,70,50.0,2017
553,24,50.0,2006
554,24,46.9,2007
555,24,43.8,2008
556,24,46.9,2009
557,24,50.0,2010
558,24,43.8,2011
559,24,43.8,2012
560,24,43.8,2013
561,24,43.8,2014
562,24,43.8,2015
563,24,43.8,2016
564,24,43.8,2017
565,31,62.5,2006
566,31,62.5,2007
567,31,62.5,2008
568,31,62.5,2009
569,31,62.5,2010
570,31,62.5,2011
571,31,68.8,2012
572,31,68.8,2013
573,31,68.8,2014
574,31,68.8,2015
575,31,68.8,2016
576,31,68.8,2017
577,167,75.0,2006
578,167,75.0,2007
579,167,75.0,2008
580,167,75.0,2009
581,167,75.0,2010
582,167,75.0,2011
583,167,75.0,2012
584,167,75.0,2013
585,167,68.8,2014
586,167,68.8,2015
587,167,68.8,2016
588,167,68.8,2017
589,64,62.5,2006
590,64,62.5,2007
591,64,62.5,2008
592,64,59.4,2009
593,64,56.3,2010
594,64,56.3,2011
595,64,56.3,2012
596,64,56.3,2013
597,64,56.3,2014
598,64,56.3,2015
599,64,56.3,2016
600,64,56.3,2017
601,76,50.0,2006
602,76,50.0,2007
603,76,50.0,2008
604,76,50.0,2009
605,76,50.0,2010
606,76,50.0,2011
607,76,50.0,2012
608,76,50.0,2013
609,76,56.3,2014
610,76,56.3,2015
611,76,56.3,2016
612,76,56.3,2017
613,90,87.5,2006
614,90,87.5,2007
615,90,87.5,2008
616,90,90.7,2009
617,90,93.8,2010
618,90,87.5,2011
619,90,87.5,2012
620,90,87.5,2013
621,90,87.5,2014
622,90,87.5,2015
623,90,87.5,2016
624,90,87.5,2017
625,75,75.0,2006
626,75,75.0,2007
627,75,75.0,2008
628,75,75.0,2009
629,75,75.0,2010
630,75,75.0,2011
631,75,75.0,2012
632,75,75.0,2013
633,75,68.8,2014
634,75,62.5,2015
635,75,62.5,2016
636,75,56.3,2017
637,83,56.3,2006
638,83,50.0,2007
639,83,43.8,2008
640,83,43.8,2009
641,83,43.8,2010
642,83,50.0,2011
643,83,50.0,2012
644,83,50.0,2013
645,83,50.0,2014
646,83,50.0,2015
647,83,56.3,2016
648,83,50.0,2017
649,100,56.3,2006
650,100,56.3,2007
651,100,56.3,2008
652,100,53.1,2009
653,100,50.0,2010
654,100,50.0,2011
655,100,50.0,2012
656,100,50.0,2013
657,100,50.0,2014
658,100,50.0,2015
659,100,50.0,2016
660,100,56.3,2017
661,193,50.0,2006
662,193,46.9,2007
663,193,43.8,2008
664,193,40.6,2009
665,193,37.5,2010
666,193,43.8,2011
667,193,50.0,2012
668,193,50.0,2013
669,193,43.8,2014
670,193,50.0,2015
671,193,50.0,2016
672,193,50.0,2017
673,88,87.5,2006
674,88,87.5,2007
675,88,87.5,2008
676,88,84.4,2009
677,88,81.3,2010
678,88,81.3,2011
679,88,81.3,2012
680,88,81.3,2013
681,88,81.3,2014
682,88,81.3,2015
683,88,75.0,2016
684,88,75.0,2017
685,56,43.8,2006
686,56,43.8,2007
687,56,43.8,2008
688,56,46.9,2009
689,56,50.0,2010
690,56,50.0,2011
691,56,50.0,2012
692,56,56.3,2013
693,56,56.3,2014
694,56,62.5,2015
695,56,62.5,2016
696,56,62.5,2017
697,173,75.0,2006
698,173,75.0,2007
699,173,75.0,2008
700,173,75.0,2009
701,173,75.0,2010
702,173,68.8,2011
703,173,68.8,2012
704,173,68.8,2013
705,173,62.5,2014
706,173,62.5,2015
707,173,62.5,2016
708,173,68.8,2017
709,120,43.8,2006
710,120,43.8,2007
711,120,43.8,2008
712,120,43.8,2009
713,120,43.8,2010
714,120,43.8,2011
715,120,43.8,2012
716,120,43.8,2013
717,120,43.8,2014
718,120,43.8,2015
719,120,43.8,2016
720,120,50.0,2017
721,54,37.5,2006
722,54,37.5,2007
723,54,37.5,2008
724,54,37.5,2009
725,54,37.5,2010
726,54,37.5,2011
727,54,37.5,2012
728,54,37.5,2013
729,54,37.5,2014
730,54,43.8,2015
731,54,43.8,2016
732,54,43.8,2017
733,196,18.8,2006
734,196,18.8,2007
735,196,18.8,2008
736,196,18.8,2009
737,196,18.8,2010
738,196,18.8,2011
739,196,18.8,2012
740,196,18.8,2013
741,196,31.3,2014
742,196,31.3,2015
743,196,31.3,2016
744,196,31.3,2017
745,2,43.8,2006
746,2,43.8,2007
747,2,43.8,2008
748,2,43.8,2009
749,2,43.8,2010
750,2,43.8,2011
751,2,43.8,2012
752,2,43.8,2013
753,2,43.8,2014
754,2,43.8,2015
755,2,43.8,2016
756,2,43.8,2017
757,140,25.0,2006
758,140,25.0,2007
759,140,25.0,2008
760,140,31.3,2009
761,140,37.5,2010
762,140,37.5,2011
763,140,37.5,2012
764,140,37.5,2013
765,140,31.3,2014
766,140,37.5,2015
767,140,37.5,2016
768,140,43.8,2017
769,15,50.0,2006
770,15,50.0,2007
771,15,50.0,2008
772,15,46.9,2009
773,15,43.8,2010
774,15,43.8,2011
775,15,43.8,2012
776,15,43.8,2013
777,15,43.8,2014
778,15,43.8,2015
779,15,43.8,2016
780,15,43.8,2017
781,82,68.8,2006
782,82,68.8,2007
783,82,68.8,2008
784,82,68.8,2009
785,82,68.8,2010
786,82,68.8,2011
787,82,68.8,2012
788,82,68.8,2013
789,82,68.8,2014
790,82,68.8,2015
791,82,68.8,2016
792,82,68.8,2017
793,61,100.0,2006
794,61,100.0,2007
795,61,100.0,2008
796,61,100.0,2009
797,61,100.0,2010
798,61,100.0,2011
799,61,100.0,2012
800,61,100.0,2013
801,61,100.0,2014
802,61,100.0,2015
803,61,100.0,2016
804,61,100.0,2017
805,58,56.3,2006
806,58,59.4,2007
807,58,62.5,2008
808,58,53.1,2009
809,58,43.8,2010
810,58,50.0,2011
811,58,50.0,2012
812,58,56.3,2013
813,58,62.5,2014
814,58,56.3,2015
815,58,56.3,2016
816,58,56.3,2017
817,141,62.5,2006
818,141,62.5,2007
819,141,62.5,2008
820,141,59.4,2009
821,141,56.3,2010
822,141,56.3,2011
823,141,56.3,2012
824,141,62.5,2013
825,141,62.5,2014
826,141,62.5,2015
827,141,62.5,2016
828,141,56.3,2017
829,192,56.3,2006
830,192,53.1,2007
831,192,50.0,2008
832,192,37.5,2009
833,192,25.0,2010
834,192,25.0,2011
835,192,25.0,2012
836,192,25.0,2013
837,192,25.0,2014
838,192,31.3,2015
839,192,31.3,2016
840,192,31.3,2017
841,62,56.3,2006
842,62,50.0,2007
843,62,43.8,2008
844,62,40.6,2009
845,62,37.5,2010
846,62,37.5,2011
847,62,37.5,2012
848,62,37.5,2013
849,62,43.8,2014
850,62,43.8,2015
851,62,43.8,2016
852,62,50.0,2017
853,3,87.5,2006
854,3,87.5,2007
855,3,87.5,2008
856,3,87.5,2009
857,3,87.5,2010
858,3,81.3,2011
859,3,81.3,2012
860,3,87.5,2013
861,3,87.5,2014
862,3,93.8,2015
863,3,100.0,2016
864,3,100.0,2017
865,144,75.0,2006
866,144,75.0,2007
867,144,75.0,2008
868,144,75.0,2009
869,144,75.0,2010
870,144,75.0,2011
871,144,75.0,2012
872,144,75.0,2013
873,144,75.0,2014
874,144,75.0,2015
875,144,75.0,2016
876,144,75.0,2017
877,138,81.3,2006
878,138,81.3,2007
879,138,81.3,2008
880,138,81.3,2009
881,138,81.3,2010
882,138,75.0,2011
883,138,75.0,2012
884,138,75.0,2013
885,138,75.0,2014
886,138,81.3,2015
887,138,81.3,2016
888,138,81.3,2017
889,89,62.5,2006
890,89,62.5,2007
891,89,62.5,2008
892,89,62.5,2009
893,89,62.5,2010
894,89,62.5,2011
895,89,68.8,2012
896,89,68.8,2013
897,89,68.8,2014
898,89,68.8,2015
899,89,68.8,2016
900,89,68.8,2017
901,97,87.5,2006
902,97,87.5,2007
903,97,87.5,2008
904,97,81.3,2009
905,97,75.0,2010
906,97,75.0,2011
907,97,75.0,2012
908,97,75.0,2013
909,97,75.0,2014
910,97,75.0,2015
911,97,75.0,2016
912,97,75.0,2017
913,17,50.0,2006
914,17,50.0,2007
915,17,50.0,2008
916,17,43.8,2009
917,17,37.5,2010
918,17,37.5,2011
919,17,37.5,2012
920,17,37.5,2013
921,17,37.5,2014
922,17,43.8,2015
923,17,43.8,2016
924,17,43.8,2017
925,25,43.8,2006
926,25,43.8,2007
927,25,43.8,2008
928,25,43.8,2009
929,25,43.8,2010
930,25,43.8,2011
931,25,43.8,2012
932,25,43.8,2013
933,25,43.8,2014
934,25,43.8,2015
935,25,43.8,2016
936,25,43.8,2017
937,181,62.5,2006
938,181,59.4,2007
939,181,56.3,2008
940,181,56.3,2009
941,181,56.3,2010
942,181,56.3,2011
943,181,56.3,2012
944,181,56.3,2013
945,181,56.3,2014
946,181,56.3,2015
947,181,56.3,2016
948,181,56.3,2017
949,39,56.3,2006
950,39,53.1,2007
951,39,50.0,2008
952,39,46.9,2009
953,39,43.8,2010
954,39,43.8,2011
955,39,43.8,2012
956,39,43.8,2013
957,39,43.8,2014
958,39,43.8,2015
959,39,43.8,2016
960,39,43.8,2017
961,57,50.0,2006
962,57,46.9,2007
963,57,43.8,2008
964,57,43.8,2009
965,57,43.8,2010
966,57,43.8,2011
967,57,43.8,2012
968,57,43.8,2013
969,57,43.8,2014
970,57,50.0,2015
971,57,37.5,2016
972,57,43.8,2017
973,14,50.0,2006
974,14,50.0,2007
975,14,50.0,2008
976,14,50.0,2009
977,14,50.0,2010
978,14,50.0,2011
979,14,50.0,2012
980,14,50.0,2013
981,14,50.0,2014
982,14,50.0,2015
983,14,50.0,2016
984,14,50.0,2017
985,160,56.3,2006
986,160,56.3,2007
987,160,56.3,2008
988,160,56.3,2009
989,160,56.3,2010
990,160,56.3,2011
991,160,56.3,2012
992,160,56.3,2013
993,160,68.8,2014
994,160,68.8,2015
995,160,68.8,2016
996,160,68.8,2017
997,204,62.5,2006
998,204,56.3,2007
999,204,50.0,2008
1000,204,50.0,2009
1001,204,50.0,2010
1002,204,50.0,2011
1003,204,50.0,2012
1004,204,50.0,2013
1005,204,50.0,2014
1006,204,43.8,2015
1007,204,43.8,2016
1008,204,56.3,2017
1009,124,62.5,2006
1010,124,59.4,2007
1011,124,56.3,2008
1012,124,46.9,2009
1013,124,37.5,2010
1014,124,56.3,2011
1015,124,56.3,2012
1016,124,56.3,2013
1017,124,56.3,2014
1018,124,56.3,2015
1019,124,56.3,2016
1020,124,56.3,2017
1021,136,56.3,2006
1022,136,56.3,2007
1023,136,56.3,2008
1024,136,53.1,2009
1025,136,50.0,2010
1026,136,50.0,2011
1027,136,50.0,2012
1028,136,50.0,2013
1029,136,50.0,2014
1030,136,50.0,2015
1031,136,50.0,2016
1032,136,50.0,2017
1033,18,50.0,2006
1034,18,50.0,2007
1035,18,50.0,2008
1036,18,50.0,2009
1037,18,50.0,2010
1038,18,62.5,2011
1039,18,62.5,2012
1040,18,56.3,2013
1041,18,56.3,2014
1042,18,56.3,2015
1043,18,56.3,2016
1044,18,56.3,2017
1045,16,56.3,2006
1046,16,59.4,2007
1047,16,62.5,2008
1048,16,62.5,2009
1049,16,62.5,2010
1050,16,62.5,2011
1051,16,62.5,2012
1052,16,62.5,2013
1053,16,62.5,2014
1054,16,62.5,2015
1055,16,62.5,2016
1056,16,62.5,2017
1057,194,87.5,2006
1058,194,87.5,2007
1059,194,87.5,2008
1060,194,87.5,2009
1061,194,87.5,2010
1062,194,87.5,2011
1063,194,87.5,2012
1064,194,87.5,2013
1065,194,87.5,2014
1066,194,87.5,2015
1067,194,87.5,2016
1068,194,87.5,2017
1069,103,37.5,2006
1070,103,37.5,2007
1071,103,37.5,2008
1072,103,40.6,2009
1073,103,43.8,2010
1074,103,43.8,2011
1075,103,43.8,2012
1076,103,43.8,2013
1077,103,43.8,2014
1078,103,43.8,2015
1079,103,37.5,2016
1080,103,37.5,2017
1081,109,68.8,2006
1082,109,62.5,2007
1083,109,56.3,2008
1084,109,59.4,2009
1085,109,62.5,2010
1086,109,56.3,2011
1087,109,56.3,2012
1088,109,56.3,2013
1089,109,56.3,2014
1090,109,56.3,2015
1091,109,56.3,2016
1092,109,56.3,2017
1093,197,43.8,2006
1094,197,50.0,2007
1095,197,56.3,2008
1096,197,56.3,2009
1097,197,56.3,2010
1098,197,56.3,2011
1099,197,62.5,2012
1100,197,62.5,2013
1101,197,62.5,2014
1102,197,62.5,2015
1103,197,62.5,2016
1104,197,62.5,2017
1105,49,75.0,2006
1106,49,75.0,2007
1107,49,75.0,2008
1108,49,68.8,2009
1109,49,62.5,2010
1110,49,62.5,2011
1111,49,62.5,2012
1112,49,62.5,2013
1113,49,62.5,2014
1114,49,62.5,2015
1115,49,62.5,2016
1116,49,62.5,2017
1117,143,56.3,2006
1118,143,56.3,2007
1119,143,56.3,2008
1120,143,56.3,2009
1121,143,56.3,2010
1122,143,56.3,2011
1123,143,31.3,2012
1124,143,62.5,2013
1125,143,62.5,2014
1126,143,62.5,2015
1127,143,62.5,2016
1128,143,62.5,2017
1129,52,87.5,2006
1130,52,87.5,2007
1131,52,87.5,2008
1132,52,87.5,2009
1133,52,87.5,2010
1134,52,87.5,2011
1135,52,87.5,2012
1136,52,87.5,2013
1137,52,87.5,2014
1138,52,87.5,2015
1139,52,87.5,2016
1140,52,87.5,2017
1141,110,31.3,2006
1142,110,34.4,2007
1143,110,37.5,2008
1144,110,34.4,2009
1145,110,31.3,2010
1146,110,31.3,2011
1147,110,31.3,2012
1148,110,31.3,2013
1149,110,31.3,2014
1150,110,31.3,2015
1151,110,31.3,2016
1152,110,31.3,2017
1153,175,81.3,2006
1154,175,81.3,2007
1155,175,81.3,2008
1156,175,81.3,2009
1157,175,81.3,2010
1158,175,81.3,2011
1159,175,87.5,2012
1160,175,87.5,2013
1161,175,87.5,2014
1162,175,87.5,2015
1163,175,87.5,2016
1164,175,87.5,2017
1165,11,50.0,2006
1166,11,50.0,2007
1167,11,50.0,2008
1168,11,50.0,2009
1169,11,50.0,2010
1170,11,50.0,2011
1171,11,50.0,2012
1172,11,50.0,2013
1173,11,50.0,2014
1174,11,43.8,2015
1175,11,43.8,2016
1176,11,43.8,2017
1177,186,50.0,2006
1178,186,50.0,2007
1179,186,50.0,2008
1180,186,40.6,2009
1181,186,31.3,2010
1182,186,43.8,2011
1183,186,43.8,2012
1184,186,43.8,2013
1185,186,43.8,2014
1186,186,43.8,2015
1187,186,43.8,2016
1188,186,43.8,2017
1189,126,56.3,2006
1190,126,56.3,2007
1191,126,56.3,2008
1192,126,56.3,2009
1193,126,56.3,2010
1194,126,50.0,2011
1195,126,50.0,2012
1196,126,50.0,2013
1197,126,50.0,2014
1198,126,50.0,2015
1199,126,50.0,2016
1200,126,50.0,2017
1201,21,56.3,2006
1202,21,56.3,2007
1203,21,56.3,2008
1204,21,53.1,2009
1205,21,50.0,2010
1206,21,43.8,2011
1207,21,43.8,2012
1208,21,43.8,2013
1209,21,43.8,2014
1210,21,43.8,2015
1211,21,43.8,2016
1212,21,43.8,2017
1213,23,56.3,2006
1214,23,56.3,2007
1215,23,56.3,2008
1216,23,53.1,2009
1217,23,50.0,2010
1218,23,43.8,2011
1219,23,50.0,2012
1220,23,50.0,2013
1221,23,50.0,2014
1222,23,56.3,2015
1223,23,56.3,2016
1224,23,56.3,2017
1225,178,68.8,2006
1226,178,65.7,2007
1227,178,62.5,2008
1228,178,59.4,2009
1229,178,56.3,2010
1230,178,56.3,2011
1231,178,56.3,2012
1232,178,56.3,2013
1233,178,56.3,2014
1234,178,56.3,2015
1235,178,50.0,2016
1236,178,50.0,2017
1237,112,56.3,2006
1238,112,56.3,2007
1239,112,56.3,2008
1240,112,56.3,2009
1241,112,56.3,2010
1242,112,56.3,2011
1243,112,56.3,2012
1244,112,56.3,2013
1245,112,56.3,2014
1246,112,68.8,2015
1247,112,68.8,2016
1248,112,56.3,2017
1249,127,87.5,2006
1250,127,78.2,2007
1251,127,68.8,2008
1252,127,62.5,2009
1253,127,56.3,2010
1254,127,56.3,2011
1255,127,56.3,2012
1256,127,56.3,2013
1257,127,56.3,2014
1258,127,56.3,2015
1259,127,56.3,2016
1260,127,56.3,2017
1261,51,56.3,2006
1262,51,59.4,2007
1263,51,62.5,2008
1264,51,59.4,2009
1265,51,56.3,2010
1266,51,56.3,2011
1267,51,43.8,2012
1268,51,56.3,2013
1269,51,56.3,2014
1270,51,56.3,2015
1271,51,56.3,2016
1272,51,56.3,2017
1273,27,100.0,2006
1274,27,100.0,2007
1275,27,100.0,2008
1276,27,90.7,2009
1277,27,81.3,2010
1278,27,81.3,2011
1279,27,81.3,2012
1280,27,81.3,2013
1281,27,81.3,2014
1282,27,81.3,2015
1283,27,81.3,2016
1284,27,81.3,2017
1285,99,81.3,2006
1286,99,81.3,2007
1287,99,81.3,2008
1288,99,81.3,2009
1289,99,81.3,2010
1290,99,81.3,2011
1291,99,81.3,2012
1292,99,81.3,2013
1293,99,81.3,2014
1294,99,81.3,2015
1295,99,81.3,2016
1296,99,81.3,2017
1297,60,37.5,2006
1298,60,43.8,2007
1299,60,50.0,2008
1300,60,53.1,2009
1301,60,56.3,2010
1302,60,56.3,2011
1303,60,56.3,2012
1304,60,56.3,2013
1305,60,56.3,2014
1306,60,56.3,2015
1307,60,56.3,2016
1308,60,56.3,2017
1309,94,37.5,2006
1310,94,37.5,2007
1311,94,37.5,2008
1312,94,37.5,2009
1313,94,37.5,2010
1314,94,43.8,2011
1315,94,43.8,2012
1316,94,43.8,2013
1317,94,43.8,2014
1318,94,43.8,2015
1319,94,43.8,2016
1320,94,43.8,2017
1321,101,43.8,2006
1322,101,43.8,2007
1323,101,43.8,2008
1324,101,37.5,2009
1325,101,31.3,2010
1326,101,31.3,2011
1327,101,31.3,2012
1328,101,31.3,2013
1329,101,31.3,2014
1330,101,50.0,2015
1331,101,43.8,2016
1332,101,37.5,2017
1333,189,12.5,2006
1334,189,12.5,2007
1335,189,12.5,2008
1336,189,12.5,2009
1337,189,12.5,2010
1338,189,12.5,2011
1339,189,12.5,2012
1340,189,12.5,2013
1341,189,12.5,2014
1342,189,12.5,2015
1343,189,12.5,2016
1344,189,12.5,2017
1345,107,81.3,2006
1346,107,84.4,2007
1347,107,87.5,2008
1348,107,90.7,2009
1349,107,93.8,2010
1350,107,93.8,2011
1351,107,100.0,2012
1352,107,100.0,2013
1353,107,100.0,2014
1354,107,100.0,2015
1355,107,100.0,2016
1356,107,100.0,2017
1357,10,50.0,2006
1358,10,50.0,2007
1359,10,50.0,2008
1360,10,46.9,2009
1361,10,43.8,2010
1362,10,43.8,2011
1363,10,43.8,2012
1364,10,43.8,2013
1365,10,43.8,2014
1366,10,43.8,2015
1367,10,43.8,2016
1368,10,43.8,2017
1369,148,43.8,2006
1370,148,43.8,2007
1371,148,43.8,2008
1372,148,43.8,2009
1373,148,43.8,2010
1374,148,43.8,2011
1375,148,43.8,2012
1376,148,37.5,2013
1377,148,37.5,2014
1378,148,25.0,2015
1379,148,25.0,2016
1380,148,25.0,2017
1381,98,68.8,2006
1382,98,65.7,2007
1383,98,62.5,2008
1384,98,53.1,2009
1385,98,43.8,2010
1386,98,43.8,2011
1387,98,43.8,2012
1388,98,43.8,2013
1389,98,43.8,2014
1390,98,43.8,2015
1391,98,43.8,2016
1392,98,43.8,2017
1393,9,56.3,2006
1394,9,56.3,2007
1395,9,56.3,2008
1396,9,53.1,2009
1397,9,50.0,2010
1398,9,50.0,2011
1399,9,50.0,2012
1400,9,50.0,2013
1401,9,50.0,2014
1402,9,50.0,2015
1403,9,50.0,2016
1404,9,50.0,2017
1405,149,62.5,2006
1406,149,62.5,2007
1407,149,62.5,2008
1408,149,62.5,2009
1409,149,62.5,2010
1410,149,62.5,2011
1411,149,62.5,2012
1412,149,62.5,2013
1413,149,56.3,2014
1414,149,56.3,2015
1415,149,56.3,2016
1416,149,56.3,2017
1417,164,43.8,2006
1418,164,43.8,2007
1419,164,43.8,2008
1420,164,43.8,2009
1421,164,43.8,2010
1422,164,43.8,2011
1423,164,43.8,2012
1424,164,43.8,2013
1425,164,43.8,2014
1426,164,43.8,2015
1427,164,43.8,2016
1428,164,43.8,2017
1429,50,50.0,2006
1430,50,50.0,2007
1431,50,50.0,2008
1432,50,50.0,2009
1433,50,50.0,2010
1434,50,50.0,2011
1435,50,43.8,2012
1436,50,50.0,2013
1437,50,50.0,2014
1438,50,43.8,2015
1439,50,43.8,2016
1440,50,50.0,2017
1441,130,37.5,2006
1442,130,34.4,2007
1443,130,31.3,2008
1444,130,31.3,2009
1445,130,31.3,2010
1446,130,31.3,2011
1447,130,31.3,2012
1448,130,31.3,2013
1449,130,43.8,2014
1450,130,43.8,2015
1451,130,43.8,2016
1452,130,43.8,2017
1453,134,56.3,2006
1454,134,56.3,2007
1455,134,56.3,2008
1456,134,50.0,2009
1457,134,43.8,2010
1458,134,43.8,2011
1459,134,43.8,2012
1460,134,43.8,2013
1461,134,62.5,2014
1462,134,43.8,2015
1463,134,43.8,2016
1464,134,43.8,2017
1465,142,75.0,2006
1466,142,75.0,2007
1467,142,75.0,2008
1468,142,75.0,2009
1469,142,75.0,2010
1470,142,75.0,2011
1471,142,75.0,2012
1472,142,68.8,2013
1473,142,68.8,2014
1474,142,68.8,2015
1475,142,68.8,2016
1476,142,68.8,2017
1477,41,50.0,2006
1478,41,46.9,2007
1479,41,43.8,2008
1480,41,50.0,2009
1481,41,56.3,2010
1482,41,56.3,2011
1483,41,56.3,2012
1484,41,56.3,2013
1485,41,56.3,2014
1486,41,56.3,2015
1487,41,56.3,2016
1488,41,56.3,2017
1489,152,50.0,2006
1490,152,50.0,2007
1491,152,50.0,2008
1492,152,43.8,2009
1493,152,37.5,2010
1494,152,43.8,2011
1495,152,43.8,2012
1496,152,43.8,2013
1497,152,50.0,2014
1498,152,50.0,2015
1499,152,50.0,2016
1500,152,43.8,2017
1501,184,37.5,2006
1502,184,37.5,2007
1503,184,37.5,2008
1504,184,34.4,2009
1505,184,31.3,2010
1506,184,31.3,2011
1507,184,25.0,2012
1508,184,25.0,2013
1509,184,25.0,2014
1510,184,25.0,2015
1511,184,25.0,2016
1512,184,25.0,2017
1513,105,50.0,2006
1514,105,50.0,2007
1515,105,50.0,2008
1516,105,50.0,2009
1517,105,50.0,2010
1518,105,50.0,2011
1519,105,50.0,2012
1520,105,50.0,2013
1521,105,43.8,2014
1522,105,43.8,2015
1523,105,43.8,2016
1524,105,43.8,2017
1525,137,43.8,2006
1526,137,40.6,2007
1527,137,37.5,2008
1528,137,37.5,2009
1529,137,37.5,2010
1530,137,31.3,2011
1531,137,31.3,2012
1532,137,31.3,2013
1533,137,31.3,2014
1534,137,31.3,2015
1535,137,31.3,2016
1536,137,31.3,2017
1537,129,56.3,2006
1538,129,56.3,2007
1539,129,56.3,2008
1540,129,53.1,2009
1541,129,50.0,2010
1542,129,56.3,2011
1543,129,56.3,2012
1544,129,56.3,2013
1545,129,56.3,2014
1546,129,56.3,2015
1547,129,62.5,2016
1548,129,62.5,2017
1549,208,56.3,2006
1550,208,56.3,2007
1551,208,56.3,2008
1552,208,50.0,2009
1553,208,43.8,2010
1554,208,43.8,2011
1555,208,43.8,2012
1556,208,50.0,2013
1557,208,50.0,2014
1558,208,50.0,2015
1559,208,50.0,2016
1560,208,50.0,2017
1561,59,37.5,2006
1562,59,43.8,2007
1563,59,50.0,2008
1564,59,53.1,2009
1565,59,56.3,2010
1566,59,56.3,2011
1567,59,62.5,2012
1568,59,62.5,2013
1569,59,62.5,2014
1570,59,62.5,2015
1571,59,62.5,2016
1572,59,62.5,2017
1573,172,75.0,2006
1574,172,75.0,2007
1575,172,75.0,2008
1576,172,75.0,2009
1577,172,75.0,2010
1578,172,75.0,2011
1579,172,68.8,2012
1580,172,68.8,2013
1581,172,62.5,2014
1582,172,62.5,2015
1583,172,62.5,2016
1584,172,62.5,2017
1585,35,50.0,2006
1586,35,50.0,2007
1587,35,50.0,2008
1588,35,50.0,2009
1589,35,50.0,2010
1590,35,50.0,2011
1591,35,50.0,2012
1592,35,50.0,2013
1593,35,50.0,2014
1594,35,50.0,2015
1595,35,56.3,2016
1596,35,56.3,2017
1597,46,68.8,2006
1598,46,68.8,2007
1599,46,68.8,2008
1600,46,65.7,2009
1601,46,62.5,2010
1602,46,62.5,2011
1603,46,62.5,2012
1604,46,62.5,2013
1605,46,56.3,2014
1606,46,56.3,2015
1607,46,56.3,2016
1608,46,62.5,2017
1609,163,68.8,2006
1610,163,68.8,2007
1611,163,68.8,2008
1612,163,65.7,2009
1613,163,62.5,2010
1614,163,62.5,2011
1615,163,62.5,2012
1616,163,62.5,2013
1617,163,62.5,2014
1618,163,50.0,2015
1619,163,50.0,2016
1620,163,50.0,2017
1621,131,75.0,2006
1622,131,75.0,2007
1623,131,75.0,2008
1624,131,75.0,2009
1625,131,75.0,2010
1626,131,75.0,2011
1627,131,75.0,2012
1628,131,75.0,2013
1629,131,75.0,2014
1630,131,75.0,2015
1631,131,75.0,2016
1632,131,75.0,2017
1633,104,87.5,2006
1634,104,87.5,2007
1635,104,87.5,2008
1636,104,81.3,2009
1637,104,75.0,2010
1638,104,75.0,2011
1639,104,75.0,2012
1640,104,75.0,2013
1641,104,68.8,2014
1642,104,81.3,2015
1643,104,81.3,2016
1644,104,75.0,2017
1645,202,75.0,2006
1646,202,75.0,2007
1647,202,75.0,2008
1648,202,71.9,2009
1649,202,68.8,2010
1650,202,68.8,2011
1651,202,68.8,2012
1652,202,68.8,2013
1653,202,68.8,2014
1654,202,68.8,2015
1655,202,68.8,2016
1656,202,62.5,2017
1657,95,50.0,2006
1658,95,50.0,2007
1659,95,50.0,2008
1660,95,50.0,2009
1661,95,50.0,2010
1662,95,50.0,2011
1663,95,50.0,2012
1664,95,50.0,2013
1665,95,50.0,2014
1666,95,50.0,2015
1667,95,50.0,2016
1668,95,50.0,2017
1669,93,50.0,2006
1670,93,50.0,2007
1671,93,50.0,2008
1672,93,50.0,2009
1673,93,50.0,2010
1674,93,50.0,2011
1675,93,50.0,2012
1676,93,50.0,2013
1677,93,50.0,2014
1678,93,50.0,2015
1679,93,50.0,2016
1680,93,50.0,2017
1681,69,31.3,2006
1682,69,37.5,2007
1683,69,43.8,2008
1684,69,43.8,2009
1685,69,43.8,2010
1686,69,56.3,2011
1687,69,56.3,2012
1688,69,56.3,2013
1689,69,56.3,2014
1690,69,56.3,2015
1691,69,56.3,2016
1692,69,56.3,2017
1693,174,93.8,2006
1694,174,93.8,2007
1695,174,93.8,2008
1696,174,93.8,2009
1697,174,93.8,2010
1698,174,93.8,2011
1699,174,100.0,2012
1700,174,100.0,2013
1701,174,100.0,2014
1702,174,100.0,2015
1703,174,100.0,2016
1704,174,100.0,2017
1705,150,87.5,2006
1706,150,90.7,2007
1707,150,93.8,2008
1708,150,93.8,2009
1709,150,93.8,2010
1710,150,93.8,2011
1711,150,93.8,2012
1712,150,93.8,2013
1713,150,93.8,2014
1714,150,93.8,2015
1715,150,93.8,2016
1716,150,93.8,2017
1717,153,68.8,2006
1718,153,62.5,2007
1719,153,56.3,2008
1720,153,56.3,2009
1721,153,56.3,2010
1722,153,56.3,2011
1723,153,50.0,2012
1724,153,56.3,2013
1725,153,50.0,2014
1726,153,43.8,2015
1727,153,43.8,2016
1728,153,43.8,2017
1729,119,62.5,2006
1730,119,62.5,2007
1731,119,62.5,2008
1732,119,62.5,2009
1733,119,62.5,2010
1734,119,62.5,2011
1735,119,62.5,2012
1736,119,62.5,2013
1737,119,62.5,2014
1738,119,62.5,2015
1739,119,62.5,2016
1740,119,62.5,2017
1741,151,56.3,2006
1742,151,56.3,2007
1743,151,56.3,2008
1744,151,56.3,2009
1745,151,56.3,2010
1746,151,56.3,2011
1747,151,56.3,2012
1748,151,56.3,2013
1749,151,56.3,2014
1750,151,56.3,2015
1751,151,62.5,2016
1752,151,56.3,2017
1753,26,56.3,2006
1754,26,62.5,2007
1755,26,68.8,2008
1756,26,65.7,2009
1757,26,62.5,2010
1758,26,62.5,2011
1759,26,62.5,2012
1760,26,50.0,2013
1761,26,50.0,2014
1762,26,50.0,2015
1763,26,50.0,2016
1764,26,50.0,2017
1765,168,62.5,2006
1766,168,65.7,2007
1767,168,68.8,2008
1768,168,68.8,2009
1769,168,68.8,2010
1770,168,68.8,2011
1771,168,68.8,2012
1772,168,68.8,2013
1773,168,68.8,2014
1774,168,68.8,2015
1775,168,68.8,2016
1776,168,68.8,2017
1777,13,56.3,2006
1778,13,50.0,2007
1779,13,43.8,2008
1780,13,46.9,2009
1781,13,50.0,2010
1782,13,50.0,2011
1783,13,50.0,2012
1784,13,50.0,2013
1785,13,50.0,2014
1786,13,50.0,2015
1787,13,50.0,2016
1788,13,50.0,2017
1789,45,56.3,2006
1790,45,56.3,2007
1791,45,56.3,2008
1792,45,53.1,2009
1793,45,50.0,2010
1794,45,50.0,2011
1795,45,50.0,2012
1796,45,50.0,2013
1797,45,50.0,2014
1798,45,50.0,2015
1799,45,50.0,2016
1800,45,50.0,2017
1801,48,68.8,2006
1802,48,62.5,2007
1803,48,56.3,2008
1804,48,56.3,2009
1805,48,56.3,2010
1806,48,62.5,2011
1807,48,62.5,2012
1808,48,62.5,2013
1809,48,62.5,2014
1810,48,68.8,2015
1811,48,62.5,2016
1812,48,62.5,2017
1813,113,37.5,2006
1814,113,43.8,2007
1815,113,50.0,2008
1816,113,50.0,2009
1817,113,50.0,2010
1818,113,50.0,2011
1819,113,50.0,2012
1820,113,50.0,2013
1821,113,56.3,2014
1822,113,56.3,2015
1823,113,56.3,2016
1824,113,56.3,2017
1825,158,50.0,2006
1826,158,50.0,2007
1827,158,50.0,2008
1828,158,50.0,2009
1829,158,50.0,2010
1830,158,50.0,2011
1831,158,50.0,2012
1832,158,50.0,2013
1833,158,50.0,2014
1834,158,50.0,2015
1835,158,50.0,2016
1836,158,50.0,2017
1837,156,62.5,2006
1838,156,62.5,2007
1839,156,62.5,2008
1840,156,59.4,2009
1841,156,56.3,2010
1842,156,62.5,2011
1843,156,62.5,2012
1844,156,62.5,2013
1845,156,62.5,2014
1846,156,62.5,2015
1847,156,68.8,2016
1848,156,68.8,2017
1849,145,56.3,2006
1850,145,59.4,2007
1851,145,62.5,2008
1852,145,53.1,2009
1853,145,43.8,2010
1854,145,43.8,2011
1855,145,43.8,2012
1856,145,43.8,2013
1857,145,50.0,2014
1858,145,50.0,2015
1859,145,50.0,2016
1860,145,62.5,2017
1861,162,50.0,2006
1862,162,50.0,2007
1863,162,50.0,2008
1864,162,50.0,2009
1865,162,50.0,2010
1866,162,50.0,2011
1867,162,50.0,2012
1868,162,50.0,2013
1869,162,50.0,2014
1870,162,50.0,2015
1871,162,50.0,2016
1872,162,50.0,2017
1873,7,81.3,2006
1874,7,84.4,2007
1875,7,87.5,2008
1876,7,84.4,2009
1877,7,81.3,2010
1878,7,81.3,2011
1879,7,87.5,2012
1880,7,87.5,2013
1881,7,87.5,2014
1882,7,87.5,2015
1883,7,87.5,2016
1884,7,81.3,2017
1885,117,87.5,2006
1886,117,87.5,2007
1887,117,87.5,2008
1888,117,84.4,2009
1889,117,81.3,2010
1890,117,81.3,2011
1891,117,81.3,2012
1892,117,81.3,2013
1893,117,81.3,2014
1894,117,81.3,2015
1895,117,81.3,2016
1896,117,81.3,2017
1897,30,68.8,2006
1898,30,71.9,2007
1899,30,75.0,2008
1900,30,75.0,2009
1901,30,75.0,2010
1902,30,75.0,2011
1903,30,75.0,2012
1904,30,75.0,2013
1905,30,75.0,2014
1906,30,75.0,2015
1907,30,75.0,2016
1908,30,75.0,2017
1909,81,50.0,2006
1910,81,50.0,2007
1911,81,50.0,2008
1912,81,50.0,2009
1913,81,50.0,2010
1914,81,50.0,2011
1915,81,43.8,2012
1916,81,43.8,2013
1917,81,62.5,2014
1918,81,50.0,2015
1919,81,50.0,2016
1920,81,50.0,2017
1921,6,50.0,2006
1922,6,46.9,2007
1923,6,43.8,2008
1924,6,43.8,2009
1925,6,43.8,2010
1926,6,43.8,2011
1927,6,43.8,2012
1928,6,43.8,2013
1929,6,43.8,2014
1930,6,43.8,2015
1931,6,43.8,2016
1932,6,43.8,2017
1933,128,43.8,2006
1934,128,43.8,2007
1935,128,43.8,2008
1936,128,50.0,2009
1937,128,56.3,2010
1938,128,62.5,2011
1939,128,62.5,2012
1940,128,68.8,2013
1941,128,68.8,2014
1942,128,68.8,2015
1943,128,68.8,2016
1944,128,56.3,2017
1945,170,43.8,2006
1946,170,46.9,2007
1947,170,50.0,2008
1948,170,50.0,2009
1949,170,50.0,2010
1950,170,50.0,2011
1951,170,50.0,2012
1952,170,50.0,2013
1953,170,50.0,2014
1954,170,50.0,2015
1955,170,50.0,2016
1956,170,50.0,2017
1957,77,62.5,2006
1958,77,62.5,2007
1959,77,62.5,2008
1960,77,59.4,2009
1961,77,56.3,2010
1962,77,62.5,2011
1963,77,62.5,2012
1964,77,62.5,2013
1965,77,68.8,2014
1966,77,68.8,2015
1967,77,68.8,2016
1968,77,68.8,2017
1969,102,56.3,2006
1970,102,56.3,2007
1971,102,56.3,2008
1972,102,56.3,2009
1973,102,56.3,2010
1974,102,50.0,2011
1975,102,50.0,2012
1976,102,50.0,2013
1977,102,50.0,2014
1978,102,56.3,2015
1979,102,56.3,2016
1980,102,56.3,2017
